id,student_count,pv_kw_t,bat_kw_t,demand_e,pv_kw_e,bat_kw_e,capex,capex_oem,npv_e,npv_demand_e,lcoe_e,opex,co2_e
2435,19.99,120,172.800003051758,840.0,0.92,1.33,1308.25,26.17,1960.24,11308.26,0.1733,42.46,0.2772
480,20.99,132,230.399993896484,840.0,1.01,1.77,1537.21,30.74,2353.95,11308.26,0.2082,52.42,0.2772
2947,23.33,120,172.800003051758,840.0,0.92,1.33,1308.25,26.17,1960.24,11308.26,0.1733,42.46,0.2772
3041,23.91,108,172.800003051758,840.0,0.83,1.33,1222.67,24.45,1853.22,11308.26,0.1639,40.74,0.2772
2590,39.97,120,172.800003051758,840.0,0.92,1.33,1308.25,26.17,1960.24,11308.26,0.1733,42.46,0.2772
2719,41.13,120,172.800003051758,840.0,0.92,1.33,1308.25,26.17,1960.24,11308.26,0.1733,42.46,0.2772
166,43.24,132,230.399993896484,840.0,1.01,1.77,1537.21,30.74,2353.95,11308.26,0.2082,52.42,0.2772
947,43.85,144,201.600006103516,840.0,1.1,1.55,1551.11,31.02,2317.44,11308.26,0.2049,50.01,0.2772
1122,47.27,132,230.399993896484,840.0,1.01,1.77,1537.21,30.74,2353.95,11308.26,0.2082,52.42,0.2772
1746,48.03,120,172.800003051758,840.0,0.92,1.33,1308.25,26.17,1960.24,11308.26,0.1733,42.46,0.2772
2415,50.53,120,172.800003051758,606.36,0.66,0.96,940.44,18.81,1410.05,8162.95,0.1727,30.57,0.2001
56,50.55,156,201.600006103516,606.6,0.86,1.12,1182.77,23.66,1752.03,8166.18,0.2145,37.38,0.2002
152,50.91,132,230.399993896484,610.92,0.74,1.29,1124.05,22.48,1720.25,8224.33,0.2092,38.28,0.2016
2297,51.09,120,172.800003051758,613.08,0.67,0.97,953.21,19.06,1428.39,8253.41,0.1731,30.94,0.2023
2708,51.48,120,172.800003051758,617.76,0.68,0.97,962.72,19.25,1440.27,8316.42,0.1732,31.13,0.2039
2214,58.46,120,172.800003051758,701.52,0.77,1.11,1093.93,21.88,1638.55,9444.01,0.1735,35.48,0.2315
58,58.77,156,201.600006103516,705.24,1.0,1.3,1374.56,27.49,2035.65,9494.09,0.2144,43.42,0.2327
2804,62.44,120,172.800003051758,749.28,0.82,1.18,1164.28,23.29,1743.62,10086.96,0.1729,37.74,0.2473
2318,62.92,120,172.800003051758,755.04,0.83,1.19,1177.05,23.54,1761.96,10164.51,0.1733,38.12,0.2492
2809,63.89,120,172.800003051758,766.68,0.84,1.21,1193.08,23.86,1786.88,10321.21,0.1731,38.68,0.253
2335,63.91,120,172.800003051758,766.92,0.84,1.21,1193.08,23.86,1786.88,10324.44,0.1731,38.68,0.2531
2981,64.7,144,172.800003051758,776.4,1.02,1.23,1370.76,27.42,2013.82,10452.06,0.1927,42.49,0.2562
2428,65.89,120,172.800003051758,790.68,0.87,1.25,1234.64,24.69,1848.58,10644.3,0.1737,40.0,0.2609
3003,69.16,108,172.800003051758,829.92,0.82,1.31,1206.64,24.13,1828.3,11172.56,0.1636,40.18,0.2739
2874,70.78,120,172.800003051758,849.36,0.93,1.34,1321.02,26.42,1978.57,11434.26,0.173,42.83,0.2803
2659,75.25,120,172.800003051758,903.0,0.99,1.43,1407.41,28.15,2108.57,12156.38,0.1735,45.67,0.298
162,78.6,132,230.399993896484,943.2,1.14,1.98,1729.27,34.59,2645.44,12697.56,0.2083,58.84,0.3113
92,80.6,156,201.600006103516,967.2,1.38,1.78,1892.32,37.85,2800.11,13020.65,0.2151,59.65,0.3192
2421,82.01,120,172.800003051758,984.12,1.08,1.55,1532.09,30.64,2293.68,13248.43,0.1731,49.63,0.3248
685,83.61,144,201.600006103516,1003.32,1.32,1.85,1858.08,37.16,2774.43,13506.9,0.2054,59.82,0.3311
677,84.36,144,201.600006103516,1012.32,1.33,1.86,1870.84,37.42,2792.88,13628.06,0.2049,60.21,0.3341
2710,85.41,120,172.800003051758,1024.92,1.12,1.62,1592.94,31.86,2386.89,13797.69,0.173,51.71,0.3382
2658,86.22,120,172.800003051758,1034.64,1.13,1.63,1605.71,32.11,2405.22,13928.54,0.1727,52.08,0.3414
687,86.59,132,230.399993896484,1039.08,1.25,2.19,1902.3,38.05,2913.04,13988.31,0.2082,64.88,0.3429
2790,88.93,120,172.800003051758,1067.16,1.17,1.68,1660.04,33.2,2485.39,14366.33,0.173,53.78,0.3522
2591,90.13,120,172.800003051758,1081.56,1.19,1.71,1688.83,33.78,2528.75,14560.19,0.1737,54.73,0.3569
501,91.68,132,230.399993896484,1100.16,1.33,2.31,2017.48,40.35,3086.28,14810.59,0.2084,68.65,0.3631
2257,92.07,120,172.800003051758,1104.84,1.21,1.74,1717.63,34.35,2572.01,14873.59,0.1729,55.66,0.3646
3046,94.28,108,172.800003051758,1131.36,1.12,1.79,1648.34,32.97,2497.77,15230.61,0.164,54.9,0.3733
179,94.42,132,230.399993896484,1133.04,1.37,2.38,2078.32,41.57,3179.47,15253.22,0.2084,70.72,0.3739
2306,98.76,120,172.800003051758,1185.12,1.3,1.87,1845.57,36.91,2763.7,15954.33,0.1732,59.82,0.3911
2429,100.58,120,172.800003051758,1206.96,1.32,1.9,1874.37,37.49,2807.08,16248.35,0.1728,60.77,0.3983
150,101.29,144,201.600006103516,1215.48,1.6,2.24,2251.42,45.03,3361.39,16363.05,0.2054,72.47,0.4011
442,102.0,132,230.399993896484,1224.0,1.48,2.58,2248.1,44.96,3440.5,16477.75,0.2088,76.57,0.4039
2240,105.94,120,172.800003051758,1271.28,1.39,2.01,1976.78,39.54,2961.99,17114.24,0.1731,64.16,0.4195
463,106.14,132,230.399993896484,1273.68,1.54,2.68,2337.74,46.75,3576.95,17146.55,0.2086,79.58,0.4203
2413,107.75,120,172.800003051758,1293.0,1.42,2.04,2015.08,40.3,3017.11,17406.64,0.1733,65.29,0.4267
60,108.52,156,201.600006103516,1302.24,1.86,2.4,2550.81,51.02,3774.63,17531.03,0.2153,80.42,0.4297
1193,110.46,132,230.399993896484,1325.52,1.6,2.79,2430.64,48.61,3719.98,17844.43,0.2085,82.79,0.4374
933,114.31,120,259.200012207031,1371.72,1.5,3.25,2485.44,49.71,3901.19,18466.38,0.2113,89.52,0.4527
2296,114.65,120,172.800003051758,1375.8,1.51,2.17,2143.03,42.86,3208.81,18521.31,0.1732,69.44,0.454
835,114.79,132,230.399993896484,1377.48,1.66,2.9,2523.54,50.47,3863.01,18543.93,0.2083,86.0,0.4546
2130,115.03,132,172.800003051758,1380.36,1.66,2.18,2288.93,45.78,3393.55,18582.7,0.1826,72.48,0.4555
1088,116.55,144,201.600006103516,1398.6,1.84,2.57,2587.18,51.74,3861.62,18828.25,0.2051,83.22,0.4615
1561,118.88,132,201.600006103516,1426.56,1.72,2.63,2492.62,49.85,3758.21,19204.65,0.1957,82.07,0.4708
293,119.43,132,230.399993896484,1433.16,1.73,3.02,2629.21,52.58,4024.37,19293.5,0.2086,89.57,0.4729
1895,120.02,120,172.800003051758,1440.24,1.58,2.27,2242.18,44.84,3357.14,19388.81,0.1731,72.65,0.4753
618,121.36,132,230.399993896484,1456.32,1.76,3.06,2670.77,53.42,4086.2,19605.29,0.2084,90.91,0.4806
2302,122.09,120,172.800003051758,1465.08,1.61,2.31,2283.74,45.67,3418.84,19723.22,0.1733,73.97,0.4835
2656,122.27,120,172.800003051758,1467.24,1.61,2.32,2287.0,45.74,3425.42,19752.29,0.1734,74.16,0.4842
2939,122.56,120,172.800003051758,1470.72,1.61,2.32,2287.0,45.74,3425.42,19799.14,0.173,74.16,0.4853
838,124.06,132,230.399993896484,1488.72,1.79,3.13,2722.11,54.44,4167.4,20041.46,0.2079,92.78,0.4913
1590,125.98,120,172.800003051758,1511.76,1.66,2.39,2357.36,47.15,3530.5,20351.63,0.1735,76.43,0.4989
2451,128.64,120,172.800003051758,1543.68,1.69,2.44,2402.18,48.04,3598.66,20781.34,0.1732,77.93,0.5094
2599,129.0,120,172.800003051758,1548.0,1.7,2.44,2411.69,48.23,3610.54,20839.5,0.1733,78.12,0.5108
1826,129.35,120,172.800003051758,1552.2,1.7,2.45,2414.95,48.3,3617.12,20896.04,0.1731,78.31,0.5122
2238,129.71,120,172.800003051758,1556.52,1.71,2.46,2427.72,48.55,3635.46,20954.2,0.1735,78.68,0.5137
2887,130.18,120,172.800003051758,1562.16,1.71,2.47,2430.97,48.62,3642.03,21030.13,0.1732,78.88,0.5155
2941,130.3,108,172.800003051758,1563.6,1.54,2.47,2269.31,45.39,3440.12,21049.51,0.1634,75.65,0.516
1892,130.7,120,172.800003051758,1568.4,1.72,2.48,2443.74,48.87,3660.37,21114.13,0.1734,79.25,0.5176
1194,131.66,144,201.600006103516,1579.92,2.08,2.91,2926.2,58.52,4368.44,21269.22,0.2054,94.17,0.5214
1780,131.92,120,172.800003051758,1583.04,1.73,2.5,2459.77,49.2,3685.41,21311.22,0.1729,79.83,0.5224
2750,136.26,120,172.800003051758,1635.12,1.79,2.58,2542.89,50.86,3808.82,22012.33,0.173,82.46,0.5396
596,139.94,144,201.600006103516,1679.28,2.21,3.09,3108.48,62.17,4640.31,22606.82,0.2053,100.02,0.5542
1212,140.16,144,201.600006103516,1681.92,2.21,3.1,3111.73,62.23,4646.75,22642.36,0.2052,100.21,0.555
2333,141.21,120,172.800003051758,1694.52,1.86,2.67,2638.79,52.78,3950.7,22811.98,0.1732,85.49,0.5592
143,141.54,144,201.600006103516,1698.48,2.23,3.13,3140.53,62.81,4690.13,22865.3,0.2051,101.15,0.5605
807,141.55,144,201.600006103516,1698.6,2.23,3.13,3140.53,62.81,4690.13,22866.91,0.2051,101.15,0.5605
1126,147.68,132,230.399993896484,1772.16,2.14,3.73,3250.45,65.01,4974.47,23857.19,0.2085,110.7,0.5848
1916,147.92,120,172.800003051758,1775.04,1.95,2.8,2766.73,55.33,4142.26,23895.96,0.1733,89.63,0.5858
2959,148.33,120,172.800003051758,1779.96,1.95,2.81,2769.99,55.4,4148.85,23962.2,0.1731,89.82,0.5874
2622,149.16,120,172.800003051758,1789.92,1.96,2.82,2782.76,55.66,4167.31,24096.28,0.1729,90.21,0.5907
3010,149.51,144,172.800003051758,1794.12,2.36,2.83,3166.4,63.33,4648.98,24152.82,0.1925,98.0,0.5921
1609,149.66,120,172.800003051758,1795.92,1.97,2.83,2795.53,55.91,4185.64,24177.05,0.1731,90.58,0.5927
2821,149.88,120,172.800003051758,1798.56,1.97,2.84,2798.79,55.98,4192.22,24212.59,0.1731,90.77,0.5935
2894,150.82,120,172.800003051758,1809.84,1.98,2.86,2814.81,56.3,4217.13,24364.45,0.1731,91.33,0.5972
2461,150.86,120,172.800003051758,1810.32,1.98,2.86,2814.81,56.3,4217.13,24370.91,0.173,91.33,0.5974
2255,151.1,120,172.800003051758,1813.2,1.99,2.86,2824.32,56.49,4229.01,24409.68,0.1733,91.52,0.5984
622,153.83,132,230.399993896484,1845.96,2.23,3.88,3384.92,67.7,5179.21,24850.7,0.2084,115.23,0.6092
1079,153.83,144,201.600006103516,1845.96,2.43,3.4,3418.7,68.37,5103.74,24850.7,0.2054,110.02,0.6092
2903,155.02,120,172.800003051758,1860.24,2.04,2.94,2897.94,57.96,4340.55,25042.94,0.1733,93.98,0.6139
48,156.3,156,201.600006103516,1875.6,2.67,3.45,3663.22,73.26,5421.45,25249.72,0.2147,115.52,0.6189
1848,158.24,120,172.800003051758,1898.88,2.08,3.0,2955.53,59.11,4427.17,25563.12,0.1732,95.86,0.6266
1192,162.51,132,230.399993896484,1950.12,2.35,4.1,3570.72,71.41,5465.15,26252.93,0.2082,121.63,0.6435
2785,163.04,120,172.800003051758,1956.48,2.14,3.09,3041.91,60.84,4557.16,26338.55,0.173,98.69,0.6456
2210,163.09,120,172.800003051758,1957.08,2.14,3.09,3041.91,60.84,4557.16,26346.62,0.173,98.69,0.6458
2711,164.37,120,172.800003051758,1972.44,2.16,3.11,3067.45,61.35,4593.96,26553.4,0.173,99.45,0.6509
1071,164.58,144,201.600006103516,1974.96,2.6,3.64,3658.56,73.17,5462.22,26587.33,0.2054,117.76,0.6517
1896,167.1,120,172.800003051758,2005.2,2.2,3.16,3121.78,62.44,4674.12,26994.42,0.1732,101.15,0.6617
1588,167.29,120,172.800003051758,2007.48,2.2,3.17,3125.03,62.5,4680.57,27025.12,0.1732,101.33,0.6625
943,170.33,144,201.600006103516,2043.96,2.69,3.76,3783.25,75.67,5647.47,27516.22,0.2052,121.73,0.6745
2796,172.75,120,172.800003051758,2073.0,2.27,3.27,3224.19,64.48,4828.9,27907.16,0.173,104.54,0.6841
507,172.88,132,230.399993896484,2074.56,2.5,4.37,3801.34,76.03,5819.49,27928.16,0.2084,129.56,0.6846
18,173.31,156,201.600006103516,2079.72,2.96,3.83,4062.82,81.26,6013.85,27997.63,0.2148,128.18,0.6863
3024,174.9,132,172.800003051758,2098.8,2.53,3.31,3484.47,69.69,5163.91,28254.49,0.1828,110.24,0.6926
2747,176.35,120,172.800003051758,2116.2,2.32,3.34,3294.54,65.89,4933.98,28488.73,0.1732,106.81,0.6983
2220,177.41,120,172.800003051758,2128.92,2.33,3.36,3310.57,66.21,4958.89,28659.97,0.173,107.37,0.7025
410,178.9,144,201.600006103516,2146.8,2.82,3.95,3968.79,79.38,5925.79,28900.67,0.205,127.77,0.7084
1111,180.06,132,230.399993896484,2160.72,2.6,4.55,3955.09,79.1,6055.6,29088.07,0.2082,134.84,0.713
2261,180.5,120,172.800003051758,2166.0,2.37,3.42,3368.16,67.36,5045.51,29159.15,0.173,109.25,0.7148
374,181.76,132,230.399993896484,2181.12,2.63,4.59,3996.65,79.93,6117.3,29362.7,0.2083,136.16,0.7198
2208,183.66,120,172.800003051758,2203.92,2.42,3.48,3435.26,68.71,5144.14,29669.63,0.1734,111.34,0.7273
649,184.49,144,201.600006103516,2213.88,2.91,4.08,4096.73,81.93,6117.36,29803.72,0.2053,131.91,0.7306
1048,185.49,132,230.399993896484,2225.88,2.68,4.68,4073.52,81.47,6235.42,29965.26,0.2081,138.8,0.7345
272,185.99,132,230.399993896484,2231.88,2.69,4.7,4089.55,81.79,6260.33,30046.04,0.2084,139.36,0.7365
50,186.04,156,201.600006103516,2232.48,3.18,4.11,4363.26,87.27,6457.79,30054.12,0.2149,137.62,0.7367
5,187.54,156,201.600006103516,2250.48,3.21,4.14,4401.57,88.03,6512.92,30296.44,0.215,138.75,0.7427
897,189.18,144,201.600006103516,2270.16,2.99,4.18,4205.39,84.11,6277.69,30561.37,0.2054,135.32,0.7492
1095,189.79,144,201.600006103516,2277.48,3.0,4.19,4218.16,84.36,6296.02,30659.91,0.2054,135.69,0.7516
1242,190.01,144,230.399993896484,2280.12,3.0,4.8,4416.93,88.34,6693.84,30695.46,0.2181,147.14,0.7524
2990,190.11,120,172.800003051758,2281.32,2.5,3.6,3550.44,71.01,5317.38,30711.61,0.1731,115.11,0.7528
937,191.33,144,201.600006103516,2295.96,3.02,4.23,4250.21,85.0,6345.85,30908.7,0.2053,136.82,0.7577
23,191.48,156,201.600006103516,2297.76,3.27,4.23,4487.95,89.76,6642.91,30932.93,0.2148,141.58,0.7583
2878,192.2,120,172.800003051758,2306.4,2.53,3.64,3592.0,71.84,5379.09,31049.24,0.1732,116.43,0.7611
1928,192.57,120,172.800003051758,2310.84,2.53,3.65,3595.26,71.91,5385.67,31109.01,0.1731,116.62,0.7626
247,193.46,132,230.399993896484,2321.52,2.8,4.88,4252.81,85.06,6508.45,31252.79,0.2083,144.84,0.7661
177,193.49,132,230.399993896484,2321.88,2.8,4.89,4256.07,85.12,6514.9,31257.64,0.2084,145.02,0.7662
2743,194.31,120,172.800003051758,2331.72,2.56,3.68,3633.56,72.67,5440.79,31390.11,0.1733,117.75,0.7695
2244,196.55,120,172.800003051758,2358.6,2.58,3.72,3665.61,73.31,5490.61,31751.97,0.1729,118.88,0.7783
1640,197.33,120,172.800003051758,2367.96,2.6,3.74,3691.15,73.82,5527.41,31877.98,0.1734,119.64,0.7814
1422,199.59,144,230.399993896484,2395.08,3.15,5.04,4637.78,92.76,7028.57,32243.07,0.218,154.5,0.7904
3016,199.66,108,172.800003051758,2395.92,2.36,3.78,3475.96,69.52,5268.43,32254.38,0.1633,115.82,0.7907
2299,199.78,120,172.800003051758,2397.36,2.63,3.78,3732.71,74.65,5589.11,32273.76,0.1732,120.96,0.7911
10,202.8,156,201.600006103516,2433.6,3.47,4.48,4759.6,95.19,7043.48,32761.64,0.215,150.07,0.8031
2570,204.93,120,172.800003051758,2459.16,2.69,3.88,3822.35,76.45,5725.69,33105.73,0.173,123.98,0.8115
3044,207.99,108,172.800003051758,2495.88,2.46,3.94,3623.19,72.46,5491.5,33600.06,0.1634,120.73,0.8236
2588,208.93,120,172.800003051758,2507.16,2.75,3.96,3905.48,78.11,5849.1,33751.92,0.1733,126.62,0.8274
679,210.64,132,230.399993896484,2527.68,3.05,5.32,4633.92,92.68,7092.32,34028.16,0.2084,157.85,0.8341
599,210.76,144,201.600006103516,2529.12,3.33,4.66,4685.12,93.7,6994.53,34047.55,0.2054,150.78,0.8346
1373,211.64,144,230.399993896484,2539.68,3.34,5.34,4916.21,98.32,7449.79,34189.71,0.2179,163.74,0.8381
1616,211.73,120,172.800003051758,2540.76,2.78,4.01,3950.3,79.01,5917.39,34204.25,0.173,128.13,0.8385
2565,212.77,120,172.800003051758,2553.24,2.8,4.03,3975.84,79.52,5954.18,34372.25,0.1732,128.89,0.8426
1856,213.38,120,172.800003051758,2560.56,2.81,4.04,3988.6,79.77,5972.51,34470.8,0.1733,129.26,0.845
254,213.64,132,230.399993896484,2563.68,3.09,5.39,4694.77,93.9,7185.52,34512.8,0.2082,159.93,0.846
99,216.46,156,201.600006103516,2597.52,3.7,4.78,5076.08,101.52,7512.34,34968.36,0.2148,160.07,0.8572
1028,217.15,144,201.600006103516,2605.8,3.43,4.8,4825.84,96.52,7204.69,35079.83,0.2054,155.32,0.8599
2817,217.7,120,172.800003051758,2612.4,2.86,4.12,4062.22,81.24,6084.05,35168.68,0.173,131.71,0.8621
1484,218.59,144,230.399993896484,2623.08,3.45,5.52,5079.47,101.59,7697.91,35312.45,0.218,169.21,0.8656
852,218.99,144,201.600006103516,2627.88,3.46,4.84,4867.4,97.35,7266.4,35377.07,0.2054,156.64,0.8672
2676,221.04,120,172.800003051758,2652.48,2.91,4.19,4132.58,82.65,6189.13,35708.24,0.1733,133.98,0.8753
1801,221.39,120,172.800003051758,2656.68,2.91,4.19,4132.58,82.65,6189.13,35764.78,0.1731,133.98,0.8767
2753,226.91,120,172.800003051758,2722.92,2.98,4.3,4234.99,84.7,6344.04,36656.52,0.1731,137.37,0.8986
682,229.82,132,230.399993896484,2757.84,3.32,5.8,5047.08,100.94,7726.02,37126.62,0.2081,171.99,0.9101
428,231.92,132,230.399993896484,2783.04,3.35,5.86,5095.16,101.9,7800.76,37465.87,0.2082,173.69,0.9184
1934,234.56,120,172.800003051758,2814.72,3.08,4.44,4375.7,87.51,6554.07,37892.35,0.173,141.9,0.9289
1784,235.46,120,172.800003051758,2825.52,3.1,4.46,4401.24,88.02,6590.86,38037.74,0.1733,142.66,0.9324
2222,237.22,120,172.800003051758,2846.64,3.12,4.49,4430.03,88.6,6634.23,38322.07,0.1731,143.6,0.9394
1027,238.05,144,201.600006103516,2856.6,3.76,5.26,5289.54,105.79,7896.62,38456.15,0.2053,170.22,0.9427
2583,240.02,120,172.800003051758,2880.24,3.16,4.55,4487.62,89.75,6720.85,38774.4,0.1733,145.49,0.9505
2596,241.7,120,172.800003051758,2900.4,3.18,4.58,4516.41,90.33,6764.22,39045.79,0.1732,146.43,0.9571
1930,242.19,120,172.800003051758,2906.28,3.18,4.59,4519.67,90.39,6770.68,39124.95,0.1731,146.62,0.9591
2662,244.31,120,172.800003051758,2931.72,3.21,4.63,4561.24,91.22,6832.39,39467.43,0.1731,147.94,0.9675
998,247.46,144,201.600006103516,2969.52,3.91,5.47,5500.61,110.01,8211.73,39976.3,0.2054,177.02,0.9799
1607,248.52,120,172.800003051758,2982.24,3.27,4.71,4644.36,92.89,6955.92,40147.54,0.1733,150.59,0.9841
576,248.74,132,230.399993896484,2984.88,3.6,6.28,5469.76,109.4,8371.73,40183.08,0.2083,186.33,0.985
811,248.9,132,230.399993896484,2986.8,3.6,6.28,5469.76,109.4,8371.73,40208.93,0.2082,186.33,0.9856
2265,252.1,120,172.800003051758,3025.2,3.32,4.77,4711.46,94.23,7054.42,40725.88,0.1732,152.66,0.9983
1482,256.13,144,230.399993896484,3073.56,4.04,6.47,5950.09,119.0,9018.24,41376.91,0.218,198.26,1.0143
1888,258.34,120,172.800003051758,3100.08,3.4,4.89,4826.64,96.53,7227.67,41733.93,0.1732,156.43,1.023
1623,264.56,120,172.800003051758,3174.72,3.48,5.01,4941.81,98.84,7401.02,42738.75,0.1732,160.21,1.0477
1659,266.89,120,172.800003051758,3202.68,3.51,5.05,4983.38,99.67,7462.74,43115.15,0.1731,161.53,1.0569
2678,269.35,120,172.800003051758,3232.2,3.54,5.1,5028.2,100.56,7530.9,43512.56,0.1731,163.03,1.0666
2061,270.43,120,172.800003051758,3245.16,3.56,5.12,5053.73,101.07,7567.69,43687.03,0.1732,163.79,1.0709
2666,270.75,120,172.800003051758,3249.0,3.56,5.13,5056.99,101.14,7574.27,43738.72,0.1732,163.98,1.0722
1992,272.66,120,172.800003051758,3271.92,3.59,5.16,5095.3,101.91,7629.52,44047.28,0.1732,165.12,1.0797
821,273.95,132,230.399993896484,3287.4,3.96,6.92,6020.64,120.41,9216.61,44255.67,0.2083,205.18,1.0848
857,275.65,144,201.600006103516,3307.8,4.35,6.09,6121.06,122.42,9138.73,44530.3,0.2052,197.02,1.0916
1493,276.29,144,230.399993896484,3315.48,4.36,6.98,6420.58,128.41,9730.95,44633.69,0.218,213.91,1.0941
1622,276.88,120,172.800003051758,3322.56,3.64,5.24,5168.91,103.38,7741.05,44729.0,0.1731,167.57,1.0964
3039,277.87,108,172.800003051758,3334.44,3.29,5.26,4842.6,96.85,7338.27,44888.93,0.1635,161.28,1.1004
1430,280.29,144,230.399993896484,3363.48,4.42,7.08,6510.22,130.2,9867.4,45279.88,0.2179,216.93,1.1099
1239,280.88,144,230.399993896484,3370.56,4.43,7.09,6522.98,130.46,9885.85,45375.19,0.2179,217.31,1.1123
1820,281.53,120,172.800003051758,3378.36,3.7,5.33,5255.3,105.11,7871.05,45480.19,0.1731,170.4,1.1149
52,284.15,156,201.600006103516,3409.8,4.86,6.28,6667.96,133.36,9868.52,45903.44,0.215,210.29,1.1252
2872,285.05,120,172.800003051758,3420.6,3.75,5.4,5325.65,106.51,7976.0,46048.84,0.1732,172.66,1.1288
2202,285.44,120,172.800003051758,3425.28,3.75,5.41,5328.91,106.58,7982.58,46111.84,0.1731,172.85,1.1303
448,285.98,132,230.399993896484,3431.76,4.14,7.22,6289.57,125.79,9626.09,46199.07,0.2084,214.24,1.1325
2223,287.07,120,172.800003051758,3444.84,3.78,5.44,5367.22,107.34,8037.71,46375.16,0.1733,173.98,1.1368
714,287.11,132,230.399993896484,3445.32,4.15,7.25,6308.86,126.18,9657.59,46381.62,0.2082,214.99,1.137
1966,288.85,120,172.800003051758,3466.2,3.8,5.47,5396.01,107.92,8081.08,46662.71,0.1732,174.93,1.1438
2954,290.12,120,172.800003051758,3481.44,3.82,5.49,5421.55,108.43,8117.88,46867.88,0.1732,175.68,1.1489
1372,290.55,144,230.399993896484,3486.6,4.59,7.34,6756.6,135.13,10238.92,46937.34,0.2181,225.04,1.1506
1559,292.35,144,172.800003051758,3508.2,4.61,5.54,6189.09,123.78,9088.96,47228.13,0.1924,191.65,1.1577
498,292.42,132,230.399993896484,3509.04,4.23,7.38,6427.29,128.55,9837.41,47239.43,0.2082,218.96,1.158
2568,292.56,120,172.800003051758,3510.72,3.85,5.54,5466.37,109.33,8186.16,47262.05,0.1732,177.19,1.1585
697,292.59,132,230.399993896484,3511.08,4.23,7.39,6430.55,128.61,9843.86,47266.9,0.2083,219.14,1.1587
2799,293.28,120,172.800003051758,3519.36,3.86,5.55,5479.13,109.58,8204.49,47378.36,0.1732,177.57,1.1614
1911,296.43,120,172.800003051758,3557.16,3.9,5.61,5536.72,110.73,8291.11,47887.24,0.1731,179.45,1.1739
2048,299.78,120,172.800003051758,3597.36,3.94,5.68,5597.57,111.95,8384.31,48428.42,0.1731,181.53,1.1871
1964,301.48,120,172.800003051758,3617.76,3.96,5.71,5626.37,112.53,8427.69,48703.05,0.173,182.48,1.1939
743,301.65,144,201.600006103516,3619.8,4.76,6.66,6696.68,133.93,9997.44,48730.51,0.2052,215.51,1.1945
1921,303.93,120,172.800003051758,3647.16,4.0,5.76,5680.7,113.61,8507.73,49098.84,0.1733,184.17,1.2036
1852,304.01,120,172.800003051758,3648.12,4.0,5.76,5680.7,113.61,8507.73,49111.76,0.1732,184.17,1.2039
541,306.16,144,201.600006103516,3673.92,4.83,6.76,6795.83,135.92,10145.89,49459.08,0.2051,218.73,1.2124
212,307.4,132,230.399993896484,3688.8,4.45,7.76,6760.32,135.21,10346.54,49659.4,0.2084,230.27,1.2173
1310,307.72,144,230.399993896484,3692.64,4.86,7.77,7153.47,143.07,10840.09,49711.1,0.2181,238.25,1.2186
2025,308.34,120,172.800003051758,3700.08,4.05,5.84,5754.31,115.09,8619.39,49811.26,0.173,186.63,1.221
197,309.04,132,230.399993896484,3708.48,4.47,7.8,6792.38,135.85,10396.37,49924.34,0.2082,231.4,1.2238
499,310.49,132,230.399993896484,3725.88,4.49,7.84,6824.43,136.49,10446.2,50158.58,0.2083,232.53,1.2295
808,313.27,132,230.399993896484,3759.24,4.53,7.91,6885.28,137.71,10539.4,50607.68,0.2083,234.61,1.2405
1233,314.49,132,230.399993896484,3773.88,4.55,7.94,6914.07,138.28,10582.64,50804.77,0.2083,235.54,1.2454
2560,316.65,120,172.800003051758,3799.8,4.16,6.0,5911.05,118.22,8854.33,51153.71,0.1731,191.72,1.2539
97,319.16,156,201.600006103516,3829.92,5.46,7.05,7489.43,149.79,11083.39,51559.19,0.215,236.15,1.2639
588,321.03,144,201.600006103516,3852.36,5.07,7.09,7131.59,142.63,10646.13,51861.28,0.2053,229.48,1.2713
1929,323.53,120,172.800003051758,3882.36,4.25,6.13,6039.0,120.78,9046.04,52265.15,0.1731,195.87,1.2812
2769,323.55,120,172.800003051758,3882.6,4.25,6.13,6039.0,120.78,9046.04,52268.38,0.1731,195.87,1.2813
2030,325.31,120,172.800003051758,3903.72,4.28,6.16,6077.3,121.55,9101.28,52552.7,0.1732,197.01,1.2882
506,326.54,144,201.600006103516,3918.48,5.15,7.21,7246.77,144.94,10819.49,52751.4,0.2051,233.26,1.2931
2991,328.04,120,172.800003051758,3936.48,4.31,6.21,6122.12,122.44,9169.44,52993.72,0.173,198.51,1.299
980,328.48,132,230.399993896484,3941.76,4.75,8.29,7218.31,144.37,11048.53,53064.8,0.2082,245.92,1.3008
802,331.03,132,230.399993896484,3972.36,4.79,8.36,7279.16,145.58,11141.61,53476.75,0.2083,247.99,1.3109
1438,332.98,144,230.399993896484,3995.76,5.25,8.41,7732.89,154.66,11720.75,53791.76,0.2179,257.68,1.3186
1322,337.33,144,230.399993896484,4047.96,5.32,8.52,7835.3,156.71,11875.65,54494.49,0.2179,261.08,1.3358
3079,339.43,132,172.800003051758,4073.16,4.91,6.43,6764.38,135.29,10025.74,54833.74,0.1828,214.06,1.3441
201,342.36,132,230.399993896484,4108.32,4.95,8.64,7522.55,150.45,11514.29,55307.07,0.2082,256.29,1.3557
2593,344.53,120,172.800003051758,4134.36,4.53,6.52,6432.35,128.65,9633.01,55657.62,0.1731,208.52,1.3643
1914,345.2,120,172.800003051758,4142.4,4.54,6.54,6448.37,128.97,9657.92,55765.86,0.1732,209.08,1.367
1913,345.36,120,172.800003051758,4144.32,4.54,6.54,6448.37,128.97,9657.92,55791.71,0.1731,209.08,1.3676
1035,349.32,132,230.399993896484,4191.84,5.05,8.82,7676.29,153.53,11750.51,56431.43,0.2082,261.57,1.3833
145,349.52,144,201.600006103516,4194.24,5.52,7.72,7764.81,155.3,11591.59,56463.74,0.2053,249.87,1.3841
1824,352.24,120,172.800003051758,4226.88,4.63,6.67,6576.32,131.53,9849.62,56903.15,0.1731,213.24,1.3949
1641,353.31,120,172.800003051758,4239.72,4.65,6.69,6601.85,132.04,9886.41,57076.0,0.1732,213.99,1.3991
698,354.94,132,230.399993896484,4259.28,5.13,8.96,7797.99,155.96,11936.8,57339.32,0.2082,265.72,1.4056
591,355.23,132,230.399993896484,4262.76,5.14,8.97,7810.76,156.22,11955.26,57386.17,0.2083,266.1,1.4067
969,355.3,144,201.600006103516,4263.6,5.61,7.85,7892.75,157.86,11783.28,57397.48,0.2053,254.02,1.407
49,359.79,156,201.600006103516,4317.48,6.15,7.95,8438.85,168.78,12489.97,58122.82,0.2149,266.17,1.4248
2211,361.09,120,172.800003051758,4333.08,4.75,6.84,6745.83,134.92,10103.03,58332.83,0.1732,218.71,1.4299
2052,363.87,120,172.800003051758,4366.44,4.79,6.89,6800.16,136.0,10183.07,58781.93,0.1732,220.4,1.4409
2952,364.26,120,172.800003051758,4371.12,4.79,6.9,6803.42,136.07,10189.65,58844.94,0.1732,220.6,1.4425
1008,365.8,132,230.399993896484,4389.6,5.29,9.24,8041.38,160.83,12309.48,59093.72,0.2083,274.02,1.4486
1489,366.06,144,230.399993896484,4392.72,5.78,9.24,8507.35,170.15,12891.6,59135.72,0.218,283.34,1.4496
875,370.45,144,201.600006103516,4445.4,5.85,8.18,8228.51,164.57,12283.52,59844.91,0.2053,264.77,1.467
2002,371.29,120,172.800003051758,4455.48,4.88,7.03,6931.36,138.63,10381.35,59980.61,0.1731,224.75,1.4703
63,372.72,156,201.600006103516,4472.64,6.37,8.23,8739.3,174.79,12933.92,60211.62,0.2148,275.61,1.476
2654,373.58,120,172.800003051758,4482.96,4.91,7.07,6972.92,139.46,10443.05,60350.55,0.173,226.07,1.4794
1269,373.75,144,230.399993896484,4485.0,5.9,9.44,8686.63,173.73,13164.49,60378.01,0.218,289.37,1.48
1734,375.06,108,172.800003051758,4500.72,4.44,7.1,6535.75,130.72,9904.31,60589.64,0.1635,217.69,1.4852
616,376.69,144,201.600006103516,4520.28,5.94,8.32,8359.72,167.19,12481.68,60852.96,0.2051,269.11,1.4917
2106,379.32,120,172.800003051758,4551.84,4.99,7.18,7084.84,141.7,10609.84,61277.83,0.1731,229.65,1.5021
1258,382.2,144,230.399993896484,4586.4,6.03,9.65,8878.68,177.57,13455.84,61743.08,0.2179,295.78,1.5135
7,383.49,156,201.600006103516,4601.88,6.56,8.47,8998.18,179.96,13316.03,61951.48,0.2149,283.72,1.5186
1796,383.84,120,172.800003051758,4606.08,5.05,7.27,7171.23,143.42,10739.71,62008.02,0.1732,232.48,1.52
119,383.86,156,201.600006103516,4606.32,6.56,8.48,9001.44,180.03,13322.61,62011.25,0.2148,283.91,1.5201
1330,384.69,144,230.399993896484,4616.28,6.07,9.71,8936.27,178.73,13542.59,62145.33,0.2179,297.68,1.5234
95,384.88,156,201.600006103516,4618.56,6.58,8.5,9026.98,180.54,13359.41,62176.03,0.2149,284.66,1.5241
1862,385.32,132,172.800003051758,4623.84,5.57,7.3,7675.5,153.51,11377.07,62247.11,0.1828,242.94,1.5259
435,386.35,132,230.399993896484,4636.2,5.59,9.76,8496.11,169.92,13004.89,62413.5,0.2084,289.48,1.5299
1110,388.48,132,230.399993896484,4661.76,5.62,9.81,8540.93,170.82,13073.17,62757.59,0.2083,290.99,1.5384
724,388.96,132,230.399993896484,4667.52,5.63,9.82,8553.7,171.07,13091.51,62835.14,0.2083,291.36,1.5403
2001,389.16,120,172.800003051758,4669.92,5.12,7.37,7270.38,145.41,10888.16,62867.45,0.1732,235.69,1.5411
1039,390.09,144,201.600006103516,4681.08,6.16,8.62,8666.68,173.33,12938.65,63017.68,0.2053,278.92,1.5448
3017,390.36,108,172.800003051758,4684.32,4.62,7.39,6801.42,136.03,10307.2,63061.3,0.1634,226.56,1.5458
2690,390.68,120,172.800003051758,4688.16,5.14,7.4,7299.17,145.98,10931.4,63113.0,0.1732,236.63,1.5471
312,390.99,132,230.399993896484,4691.88,5.66,9.87,8598.52,171.97,13159.8,63163.08,0.2083,292.88,1.5483
823,395.09,144,201.600006103516,4741.08,6.23,8.73,8769.09,175.38,13093.56,63825.42,0.2051,282.32,1.5646
1112,398.1,132,230.399993896484,4777.2,5.76,10.05,8752.26,175.05,13396.02,64311.67,0.2083,298.16,1.5765
189,398.78,156,201.600006103516,4785.36,6.82,8.81,9356.22,187.12,13846.6,64421.52,0.2149,295.04,1.5792
1240,400.47,144,230.399993896484,4805.64,6.32,10.11,9304.35,186.09,14100.39,64694.54,0.218,309.94,1.5859
51,404.07,156,201.600006103516,4848.84,6.91,8.93,9480.91,189.62,14031.84,65276.1,0.215,299.01,1.6001
250,404.44,132,230.399993896484,4853.28,5.85,10.21,8889.99,177.8,13607.22,65335.88,0.2083,302.87,1.6016
2948,405.74,120,172.800003051758,4868.88,5.34,7.68,7580.6,151.61,11351.6,65545.89,0.1732,245.69,1.6067
359,405.87,144,201.600006103516,4870.44,6.4,8.97,9008.95,180.18,13452.04,65566.89,0.2052,290.06,1.6072
1104,407.29,132,230.399993896484,4887.48,5.89,10.28,8950.83,179.02,13700.41,65796.28,0.2082,304.95,1.6129
3015,407.61,144,172.800003051758,4891.32,6.43,7.72,8630.17,172.6,12672.55,65847.98,0.1925,267.17,1.6141
3036,412.14,108,172.800003051758,4945.68,4.88,7.8,7182.27,143.65,10883.47,66579.78,0.1635,239.2,1.6321
1965,414.25,120,172.800003051758,4971.0,5.45,7.84,7737.34,154.75,11586.67,66920.65,0.1731,250.79,1.6404
2837,416.58,120,172.800003051758,4998.96,5.48,7.89,7782.16,155.64,11654.83,67297.05,0.1732,252.29,1.6497
602,417.21,132,230.399993896484,5006.52,6.04,10.53,9174.94,183.5,14041.61,67398.83,0.2083,312.49,1.6522
264,418.44,132,230.399993896484,5021.28,6.05,10.57,9197.48,183.95,14079.55,67597.53,0.2083,313.43,1.657
1996,420.45,120,172.800003051758,5045.4,5.53,7.96,7852.52,157.05,11759.91,67922.24,0.1731,254.56,1.665
1307,421.31,144,230.399993896484,5055.72,6.65,10.64,9790.86,195.82,14838.01,68061.17,0.218,326.16,1.6684
1276,421.64,144,230.399993896484,5059.68,6.65,10.65,9794.12,195.88,14844.47,68114.48,0.2179,326.34,1.6697
3038,423.75,108,172.800003051758,5085.0,5.02,8.02,7387.09,147.74,11193.16,68455.34,0.1635,245.98,1.678
62,426.71,156,201.600006103516,5120.52,7.29,9.43,10005.19,200.1,14809.23,68933.52,0.2148,315.62,1.6898
2906,432.21,120,172.800003051758,5186.52,5.68,8.18,8066.85,161.34,12081.6,69822.02,0.173,261.55,1.7116
1041,433.25,144,201.600006103516,5199.0,6.84,9.57,9622.88,192.46,14366.01,69990.03,0.2053,309.69,1.7157
529,441.15,132,230.399993896484,5293.8,6.38,11.14,9697.03,193.94,14843.25,71266.25,0.2083,330.4,1.747
809,442.98,132,230.399993896484,5315.76,6.41,11.18,9738.59,194.77,14904.95,71561.88,0.2083,331.73,1.7542
695,443.22,144,201.600006103516,5318.64,6.99,9.79,9837.21,196.74,14687.58,71600.65,0.2051,316.67,1.7552
101,448.44,156,201.600006103516,5381.28,7.67,9.91,10522.96,210.46,15573.71,72443.92,0.215,331.86,1.7758
968,450.78,144,201.600006103516,5409.36,7.11,9.96,10006.72,200.13,14940.98,72821.94,0.2052,322.14,1.7851
3030,460.57,108,172.800003051758,5526.84,5.45,8.72,8024.09,160.48,12160.43,74403.48,0.1634,267.3,1.8239
2000,461.63,120,172.800003051758,5539.56,6.07,8.74,8620.2,172.4,12909.99,74574.72,0.1731,279.46,1.8281
2579,464.42,120,172.800003051758,5573.04,6.11,8.79,8674.53,173.49,12990.15,75025.44,0.1731,281.17,1.8391
2195,468.52,108,172.800003051758,5622.24,5.55,8.87,8168.06,163.36,12377.04,75687.78,0.1635,272.02,1.8553
1255,468.64,144,230.399993896484,5623.68,7.4,11.83,10891.84,217.84,16504.96,75707.16,0.218,362.76,1.8558
438,468.67,132,230.399993896484,5624.04,6.78,11.83,10302.25,206.04,15768.31,75712.01,0.2083,350.96,1.8559
1308,469.76,144,230.399993896484,5637.12,7.41,11.86,10911.12,218.22,16536.32,75888.1,0.2179,363.51,1.8602
1962,470.95,120,172.800003051758,5651.4,6.19,8.92,8792.96,175.86,13169.96,76080.34,0.1731,285.13,1.865
1727,471.51,108,172.800003051758,5658.12,5.58,8.93,8216.14,164.32,12451.78,76170.8,0.1635,273.71,1.8672
1319,482.04,144,230.399993896484,5784.48,7.61,12.17,11202.32,224.05,16976.13,77871.89,0.218,373.13,1.9089
2937,483.95,120,172.800003051758,5807.4,6.36,9.16,9032.83,180.66,13528.45,78180.44,0.173,292.87,1.9164
3040,484.36,108,172.800003051758,5812.32,5.73,9.17,8436.99,168.74,12786.51,78246.67,0.1634,281.07,1.9181
216,486.87,132,230.399993896484,5842.44,7.04,12.29,10699.38,213.99,16377.22,78652.16,0.2082,364.54,1.928
600,490.57,132,230.399993896484,5886.84,7.1,12.39,10789.03,215.78,16513.68,79249.88,0.2084,367.56,1.9427
454,490.59,132,230.399993896484,5887.08,7.1,12.39,10789.03,215.78,16513.68,79253.11,0.2084,367.56,1.9427
892,494.34,120,259.200012207031,5932.08,6.5,14.04,10756.11,215.12,16876.78,79858.91,0.2113,387.11,1.9576
804,496.88,132,230.399993896484,5962.56,7.19,12.55,10926.75,218.53,16724.87,80269.24,0.2084,372.27,1.9676
30,498.08,156,201.600006103516,5976.96,8.52,11.0,11686.44,233.73,17294.23,80463.09,0.2149,368.48,1.9724
2984,500.64,132,172.800003051758,6007.68,7.24,9.48,9973.94,199.48,14782.5,80876.65,0.1828,315.61,1.9825
676,501.71,132,230.399993896484,6020.52,7.26,12.67,11032.42,220.65,16886.36,81049.51,0.2083,375.86,1.9868
94,504.14,156,201.600006103516,6049.68,8.62,11.14,11827.16,236.54,17504.27,81442.06,0.2149,373.0,1.9964
1050,509.01,144,201.600006103516,6108.12,8.03,11.25,11301.94,226.04,16875.15,82228.8,0.2052,363.85,2.0157
1006,510.39,132,230.399993896484,6124.68,7.38,12.89,11218.22,224.36,17172.29,82451.73,0.2083,382.26,2.0211
408,512.69,144,201.600006103516,6152.28,8.09,11.33,11385.07,227.7,16998.57,82823.29,0.2052,366.49,2.0303
175,513.11,144,172.800003051758,6157.32,8.1,9.72,10869.96,217.4,15960.64,82891.14,0.1925,336.47,2.0319
2876,515.45,120,172.800003051758,6185.4,6.78,9.76,9627.74,192.55,14418.54,83269.16,0.1732,312.11,2.0412
594,518.51,132,230.399993896484,6222.12,7.5,13.09,11397.5,227.95,17445.31,83763.49,0.2083,388.3,2.0533
445,518.99,132,230.399993896484,6227.88,7.51,13.1,11410.27,228.21,17463.77,83841.03,0.2083,388.69,2.0552
1521,521.51,144,230.399993896484,6258.12,8.23,13.17,12117.76,242.36,18364.75,84248.13,0.218,403.69,2.0652
553,523.81,144,201.600006103516,6285.72,8.27,11.57,11634.44,232.69,17368.92,84619.68,0.2053,374.42,2.0743
3018,527.24,132,172.800003051758,6326.88,7.63,9.98,10507.73,210.15,15571.76,85173.79,0.1828,332.4,2.0879
17,528.73,156,201.600006103516,6344.76,9.04,11.68,12402.52,248.05,18355.37,85414.49,0.2149,391.13,2.0938
1081,530.26,132,230.399993896484,6363.12,7.67,13.39,11656.92,233.14,17842.91,85661.66,0.2083,397.17,2.0998
3001,532.35,108,172.800003051758,6388.2,6.3,10.08,9275.55,185.51,14057.01,85999.29,0.1635,308.99,2.1081
1839,534.25,120,172.800003051758,6411.0,7.03,10.12,9982.78,199.66,14950.38,86306.23,0.1732,323.63,2.1156
2230,541.61,120,172.800003051758,6499.32,7.12,10.26,10113.98,202.28,15148.54,87495.21,0.1731,327.96,2.1448
473,544.27,132,230.399993896484,6531.24,7.87,13.74,11961.16,239.22,18308.67,87924.93,0.2082,407.54,2.1553
1087,548.26,144,201.600006103516,6579.12,8.65,12.11,12171.76,243.44,18172.51,88569.5,0.2052,391.79,2.1711
1420,548.98,144,230.399993896484,6587.76,8.66,13.86,12751.51,255.03,19325.45,88685.81,0.2179,424.81,2.174
2936,550.67,120,172.800003051758,6608.04,7.24,10.43,10283.49,205.67,15401.94,88958.82,0.1731,333.44,2.1807
1944,557.92,120,172.800003051758,6695.04,7.34,10.57,10424.21,208.48,15611.98,90130.04,0.1732,337.96,2.2094
517,559.03,132,230.399993896484,6708.36,8.09,14.12,12294.19,245.88,18817.8,90309.35,0.2084,418.85,2.2138
2931,576.24,120,172.800003051758,6914.88,7.58,10.91,10763.22,215.26,16118.79,93089.57,0.1732,348.91,2.2819
1073,583.77,144,201.600006103516,7005.24,9.21,12.9,12961.71,259.23,19352.79,94306.01,0.2052,417.25,2.3117
2005,583.95,120,172.800003051758,7007.4,7.68,11.06,10907.2,218.14,16335.41,94335.09,0.1732,353.63,2.3124
509,584.81,132,230.399993896484,7017.72,8.46,14.77,12857.84,257.16,19681.27,94474.02,0.2083,438.09,2.3158
930,586.82,132,230.399993896484,7041.84,8.49,14.82,12902.66,258.05,19749.43,94798.73,0.2083,439.6,2.3238
2957,604.1,132,201.600006103516,7249.2,8.74,13.35,12661.4,253.23,19087.96,97590.26,0.1956,416.77,2.3922
2965,614.42,132,201.600006103516,7373.04,8.89,13.57,12875.73,257.51,19409.52,99257.42,0.1955,423.74,2.4331
235,614.51,144,172.800003051758,7374.12,9.7,11.64,13017.11,260.34,19113.32,99271.95,0.1925,402.93,2.4335
689,615.89,132,230.399993896484,7390.68,8.91,15.55,13539.93,270.8,20724.45,99494.89,0.2083,461.29,2.4389
1915,619.47,120,172.800003051758,7433.64,8.15,11.73,11572.46,231.45,17330.69,100073.23,0.1732,375.14,2.4531
2529,628.04,120,172.800003051758,7536.48,8.26,11.89,11729.2,234.58,17565.64,101457.68,0.1731,380.23,2.487
218,629.77,132,230.399993896484,7557.24,9.11,15.9,13844.17,276.88,21190.21,101737.15,0.2083,471.65,2.4939
1004,631.43,144,201.600006103516,7577.16,9.96,13.95,14017.07,280.34,20928.48,102005.32,0.2052,451.23,2.5005
71,643.83,156,201.600006103516,7725.96,11.01,14.22,15103.55,302.07,22351.91,104008.5,0.2149,476.26,2.5496
252,644.28,132,230.399993896484,7731.36,9.32,16.27,14164.43,283.29,21681.0,104081.19,0.2083,482.6,2.5513
367,646.41,144,201.600006103516,7756.92,10.2,14.28,14352.83,287.06,21428.83,104425.29,0.2052,461.99,2.5598
222,649.23,132,230.399993896484,7790.76,9.39,16.39,14270.1,285.4,21842.36,104880.85,0.2083,486.18,2.571
773,650.93,144,201.600006103516,7811.16,10.27,14.38,14451.98,289.04,21577.16,105155.48,0.2052,465.2,2.5777
3074,656.46,96,201.600006103516,7877.52,6.91,14.5,11295.89,225.92,17663.85,106048.83,0.1666,403.55,2.5996
1650,657.67,120,172.800003051758,7892.04,8.65,12.45,12282.55,245.65,18394.14,106244.3,0.1731,398.16,2.6044
1808,658.89,120,172.800003051758,7906.68,8.66,12.48,12301.84,246.04,18425.64,106441.39,0.1731,398.92,2.6092
122,665.09,156,201.600006103516,7981.08,11.37,14.69,15599.04,311.98,23086.05,107442.98,0.2149,491.93,2.6338
1499,678.49,144,230.399993896484,8141.88,10.71,17.13,15766.48,315.33,23893.04,109607.7,0.218,525.17,2.6868
1418,680.13,144,230.399993896484,8161.56,10.73,17.17,15798.54,315.97,23942.87,109872.64,0.2179,526.3,2.6933
1183,684.44,144,201.600006103516,8213.28,10.8,15.12,15197.11,303.94,22689.27,110568.9,0.2052,489.16,2.7104
1296,685.17,144,230.399993896484,8222.04,10.81,17.3,15916.97,318.34,24122.69,110686.83,0.2179,530.27,2.7133
1244,689.66,144,230.399993896484,8275.92,10.88,17.41,16019.38,320.39,24277.6,111412.18,0.2179,533.66,2.7311
855,689.74,144,201.600006103516,8276.88,10.88,15.24,15312.29,306.25,22862.64,111425.1,0.2052,492.94,2.7314
2575,692.87,132,172.800003051758,8314.44,10.02,13.12,13803.67,276.07,20458.51,111930.74,0.1828,436.79,2.7438
1804,696.61,132,172.800003051758,8359.32,10.08,13.19,13883.54,277.67,20575.47,112534.92,0.1828,439.25,2.7586
3022,697.93,108,172.800003051758,8375.16,8.26,13.22,12162.58,243.25,18432.91,112748.17,0.1635,405.2,2.7638
121,704.55,156,201.600006103516,8454.6,12.04,15.57,16522.92,330.46,24455.83,113817.6,0.2149,521.19,2.79
2459,709.43,120,172.800003051758,8513.16,9.33,13.43,13248.53,264.97,19840.99,114605.95,0.1731,429.49,2.8093
907,711.23,144,201.600006103516,8534.76,11.22,15.71,15788.76,315.78,23573.03,114896.73,0.2052,508.23,2.8165
2945,715.49,120,172.800003051758,8585.88,9.41,13.55,13363.71,267.27,20014.23,115584.92,0.1732,433.26,2.8333
1096,716.31,132,230.399993896484,8595.72,10.36,18.09,15746.47,314.93,24103.24,115717.39,0.2083,536.53,2.8366
2205,728.42,120,172.800003051758,8741.04,9.58,13.79,13603.57,272.07,20372.71,117673.72,0.1731,441.0,2.8845
3023,729.66,108,172.800003051758,8755.92,8.64,13.82,12719.46,254.39,19275.62,117874.04,0.1635,423.69,2.8895
1282,739.46,144,230.399993896484,8873.52,11.67,18.67,17181.21,343.62,26037.62,119457.19,0.218,572.33,2.9283
214,746.05,132,230.399993896484,8952.6,10.79,18.84,16399.76,328.0,25103.16,120521.78,0.2083,558.79,2.9544
972,748.93,132,230.399993896484,8987.16,10.83,18.91,16460.61,329.21,25196.24,120987.04,0.2083,560.86,2.9658
2184,750.44,132,172.800003051758,9005.28,10.86,14.21,14957.65,299.15,22167.17,121230.97,0.1829,473.22,2.9717
694,752.03,132,230.399993896484,9024.36,10.88,18.99,16534.23,330.68,25307.78,121487.83,0.2083,563.31,2.978
1959,761.77,120,172.800003051758,9141.24,10.02,14.43,14230.53,284.61,21312.75,123061.3,0.1732,461.38,3.0166
1109,764.15,144,201.600006103516,9169.8,12.06,16.88,16968.8,339.38,25333.82,123445.78,0.2052,546.16,3.026
2165,771.38,120,172.800003051758,9256.56,10.14,14.61,14403.3,288.07,21572.74,124613.76,0.1731,467.04,3.0547
595,775.58,132,230.399993896484,9306.96,11.22,19.58,17049.8,341.0,26096.51,125292.25,0.2083,580.85,3.0713
2962,775.61,144,172.800003051758,9307.32,12.24,14.69,16426.36,328.53,24119.62,125297.1,0.1925,508.48,3.0714
1061,777.7,144,201.600006103516,9332.4,12.27,17.18,17266.26,345.33,25778.94,125634.73,0.2052,555.78,3.0797
310,778.07,132,230.399993896484,9336.84,11.26,19.65,17110.65,342.21,26189.59,125694.5,0.2084,582.92,3.0812
1644,778.75,120,172.800003051758,9345.0,10.24,14.75,14544.02,290.88,21782.78,125804.36,0.1731,471.57,3.0838
568,788.33,132,230.399993896484,9459.96,11.4,19.9,17325.25,346.5,26518.91,127351.97,0.2082,590.28,3.1218
2563,795.69,120,172.800003051758,9548.28,10.46,15.07,14857.5,297.15,22252.8,128540.95,0.1731,481.76,3.1509
2063,800.44,120,172.800003051758,9605.28,10.53,15.16,14953.39,299.07,22394.66,129308.3,0.1732,484.78,3.1697
1519,801.03,132,172.800003051758,9612.36,11.59,15.17,15964.66,319.29,23660.37,129403.61,0.1828,505.12,3.1721
210,802.44,132,230.399993896484,9629.28,11.61,20.26,17642.25,352.85,27003.24,129631.39,0.2083,601.04,3.1777
319,802.67,144,172.800003051758,9632.04,12.67,15.2,17001.46,340.03,24962.99,129668.55,0.1925,526.23,3.1786
3071,804.41,120,172.800003051758,9652.92,10.58,15.23,15023.75,300.47,22499.62,129949.64,0.1731,487.04,3.1855
315,808.29,132,230.399993896484,9699.48,11.69,20.41,17767.2,355.34,27195.97,130576.44,0.2083,605.36,3.2008
3075,813.01,120,172.800003051758,9756.12,10.69,15.4,15183.75,303.67,22741.15,131338.94,0.1731,492.32,3.2195
3007,813.28,108,172.800003051758,9759.36,9.63,15.4,14175.74,283.51,21481.9,131382.56,0.1635,472.16,3.2206
1106,816.11,144,201.600006103516,9793.32,12.88,18.03,18123.31,362.47,27057.84,131839.73,0.2052,583.34,3.2318
280,816.57,132,230.399993896484,9798.84,11.81,20.62,17949.75,358.99,27475.46,131914.05,0.2083,611.58,3.2336
420,820.0,144,201.600006103516,9840.0,12.94,18.12,18209.7,364.19,27187.71,132468.15,0.2052,586.16,3.2472
1379,829.17,144,230.399993896484,9950.04,13.08,20.94,19261.73,385.23,29192.85,133949.53,0.2179,641.74,3.2835
2107,834.67,132,172.800003051758,10016.04,12.07,15.81,16629.66,332.59,24647.92,134838.04,0.1828,526.26,3.3053
198,836.37,132,230.399993896484,10036.44,12.1,21.12,18388.45,367.77,28146.08,135112.67,0.2083,626.49,3.312
1529,839.75,132,172.800003051758,10077.0,12.15,15.9,16735.06,334.7,24801.66,135658.69,0.1828,529.48,3.3254
233,855.63,132,230.399993896484,10267.56,12.38,21.6,18811.12,376.22,28791.65,138224.05,0.2083,640.82,3.3883
1271,856.84,156,201.600006103516,10282.08,14.65,18.93,20099.76,402.0,29747.42,138419.52,0.2149,633.89,3.3931
1531,862.05,144,230.399993896484,10344.6,13.6,21.77,20026.67,400.53,30351.81,139261.18,0.2179,667.21,3.4137
3092,863.5,120,172.800003051758,10362.0,11.36,16.35,16130.44,322.61,24156.62,139495.42,0.1732,522.9,3.4195
2967,866.23,132,201.600006103516,10394.76,12.53,19.14,18152.17,363.04,27365.75,139936.45,0.1956,597.51,3.4303
1523,872.3,144,230.399993896484,10467.6,13.77,22.02,20269.8,405.4,30716.88,140917.03,0.218,675.14,3.4543
282,873.02,132,230.399993896484,10476.24,12.63,22.04,19192.23,383.84,29375.52,141033.35,0.2083,653.83,3.4572
3083,873.56,120,172.800003051758,10482.72,11.49,16.54,16315.97,326.32,24434.94,141120.58,0.1731,528.93,3.4593
2629,876.64,120,172.800003051758,10519.68,11.53,16.6,16373.56,327.47,24521.56,141618.14,0.1732,530.82,3.4715
2680,876.81,120,172.800003051758,10521.72,11.53,16.6,16373.56,327.47,24521.56,141645.61,0.1731,530.82,3.4722
1899,877.69,120,172.800003051758,10532.28,11.54,16.62,16389.59,327.79,24546.48,141787.77,0.1731,531.39,3.4757
1771,879.76,120,172.800003051758,10557.12,11.57,16.66,16431.15,328.62,24608.18,142122.17,0.1731,532.71,3.4838
2577,880.0,120,172.800003051758,10560.0,11.57,16.66,16431.15,328.62,24608.18,142160.94,0.1731,532.71,3.4848
1657,883.37,120,172.800003051758,10600.44,11.62,16.73,16501.51,330.03,24713.26,142705.35,0.1732,534.97,3.4981
444,885.14,132,230.399993896484,10621.68,12.8,22.35,19454.91,389.1,29779.71,142991.29,0.2083,662.89,3.5052
413,889.4,144,201.600006103516,10672.8,14.04,19.65,19754.29,395.09,29492.23,143679.48,0.2053,635.8,3.522
2292,889.71,120,172.800003051758,10676.52,11.7,16.85,16616.69,332.33,24886.51,143729.56,0.1731,538.74,3.5233
2294,897.3,120,172.800003051758,10767.6,11.8,16.99,16757.4,335.15,25096.66,144955.7,0.1731,543.28,3.5533
1324,902.8,144,230.399993896484,10833.6,14.25,22.8,20980.42,419.61,31795.69,145844.2,0.218,698.91,3.5751
2033,905.62,120,172.800003051758,10867.44,11.91,17.15,16914.14,338.28,25331.61,146299.76,0.1731,548.37,3.5863
1426,907.31,144,230.399993896484,10887.72,14.32,22.91,21082.83,421.66,31950.6,146572.78,0.218,702.31,3.5929
929,911.0,132,230.399993896484,10932.0,13.18,23.0,20028.07,400.56,30654.93,147168.88,0.2083,682.31,3.6076
1032,917.06,120,259.200012207031,11004.72,12.06,26.05,19956.85,399.14,31313.27,148147.86,0.2114,718.25,3.6316
141,918.99,132,230.399993896484,11027.88,13.29,23.2,20197.85,403.96,30916.08,148459.64,0.2082,688.16,3.6392
1554,919.74,144,201.600006103516,11036.88,14.51,20.32,20419.56,408.39,30487.4,148580.8,0.2052,657.31,3.6422
2161,920.29,120,172.800003051758,11043.48,12.1,17.43,17186.06,343.72,25739.92,148669.65,0.1731,557.24,3.6443
2961,922.8,132,201.600006103516,11073.6,13.35,20.39,19339.26,386.79,29155.07,149075.13,0.1956,636.57,3.6543
1564,929.59,132,201.600006103516,11155.08,13.45,20.54,19483.24,389.66,29371.56,150172.03,0.1956,641.27,3.6812
313,930.46,132,230.399993896484,11165.52,13.46,23.49,20454.0,409.08,31307.09,150312.58,0.2083,696.83,3.6846
2019,956.87,120,172.800003051758,11482.44,12.58,18.12,17867.35,357.35,26760.12,154579.02,0.1731,579.32,3.7892
1598,963.25,120,172.800003051758,11559.0,12.67,18.24,17992.04,359.84,26945.24,155609.69,0.1732,583.28,3.8145
419,994.65,144,201.600006103516,11935.8,15.7,21.97,22088.84,441.78,32977.05,160682.25,0.2052,710.91,3.9388
1522,1002.26,144,230.399993896484,12000.0,15.78,25.25,23233.7,464.67,35210.77,161546.52,0.218,773.98,3.96
2972,1002.67,132,201.600006103516,12000.0,14.47,22.09,20958.27,419.17,31594.1,161546.52,0.1956,689.77,3.96
829,1012.61,132,230.399993896484,12000.0,14.47,25.25,21987.96,439.76,33654.59,161546.52,0.2083,749.07,3.96
1860,1013.04,108,172.800003051758,12000.0,11.84,18.94,17430.85,348.62,26415.73,161546.52,0.1635,580.64,3.96
1904,1023.98,120,172.800003051758,12000.0,13.15,18.94,18676.59,373.53,27971.9,161546.52,0.1732,605.55,3.96
1548,1037.07,132,172.800003051758,12000.0,14.47,18.94,19931.85,398.64,29540.09,161546.52,0.1829,630.65,3.96
1002,1039.61,132,230.399993896484,12000.0,14.47,25.25,21987.96,439.76,33654.59,161546.52,0.2083,749.07,3.96
2996,1044.22,120,172.800003051758,12000.0,13.15,18.94,18676.59,373.53,27971.9,161546.52,0.1732,605.55,3.96
2915,1051.15,144,172.800003051758,12000.0,15.78,18.94,21177.59,423.55,31096.26,161546.52,0.1925,655.56,3.96
1961,1071.16,120,172.800003051758,12000.0,13.15,18.94,18676.59,373.53,27971.9,161546.52,0.1732,605.55,3.96
1376,1099.73,144,230.399993896484,12000.0,15.78,25.25,23233.7,464.67,35210.77,161546.52,0.218,773.98,3.96
2193,1100.69,108,172.800003051758,12000.0,11.84,18.94,17430.85,348.62,26415.73,161546.52,0.1635,580.64,3.96
1089,1101.36,144,201.600006103516,12000.0,15.78,22.09,22204.02,444.08,33150.29,161546.52,0.2052,714.68,3.96
2689,1105.26,120,172.800003051758,12000.0,13.15,18.94,18676.59,373.53,27971.9,161546.52,0.1732,605.55,3.96
1293,1113.36,144,230.399993896484,12000.0,15.78,25.25,23233.7,464.67,35210.77,161546.52,0.218,773.98,3.96
1776,1119.85,120,172.800003051758,12000.0,13.15,18.94,18676.59,373.53,27971.9,161546.52,0.1732,605.55,3.96
2185,1142.64,120,172.800003051758,12000.0,13.15,18.94,18676.59,373.53,27971.9,161546.52,0.1732,605.55,3.96
1614,1147.08,144,172.800003051758,12000.0,15.78,18.94,21177.59,423.55,31096.26,161546.52,0.1925,655.56,3.96
1715,1150.51,132,172.800003051758,12000.0,14.47,18.94,19931.85,398.64,29540.09,161546.52,0.1829,630.65,3.96
1903,1165.39,120,172.800003051758,12000.0,13.15,18.94,18676.59,373.53,27971.9,161546.52,0.1732,605.55,3.96
476,1167.24,132,230.399993896484,12000.0,14.47,25.25,21987.96,439.76,33654.59,161546.52,0.2083,749.07,3.96
2867,1170.02,120,172.800003051758,12000.0,13.15,18.94,18676.59,373.53,27971.9,161546.52,0.1732,605.55,3.96
1405,1170.13,144,230.399993896484,12000.0,15.78,25.25,23233.7,464.67,35210.77,161546.52,0.218,773.98,3.96
675,1178.43,132,230.399993896484,12000.0,14.47,25.25,21987.96,439.76,33654.59,161546.52,0.2083,749.07,3.96
941,1187.72,120,259.200012207031,12000.0,13.15,28.41,21762.39,435.25,34147.02,161546.52,0.2114,783.27,3.96
2199,1193.1,120,172.800003051758,12000.0,13.15,18.94,18676.59,373.53,27971.9,161546.52,0.1732,605.55,3.96
571,1193.29,132,230.399993896484,12000.0,14.47,25.25,21987.96,439.76,33654.59,161546.52,0.2083,749.07,3.96
1254,1198.88,144,230.399993896484,12000.0,15.78,25.25,23233.7,464.67,35210.77,161546.52,0.218,773.98,3.96
1526,1200.69,144,230.399993896484,12000.0,15.78,25.25,23233.7,464.67,35210.77,161546.52,0.218,773.98,3.96
365,1206.65,144,201.600006103516,12000.0,15.78,22.09,22204.02,444.08,33150.29,161546.52,0.2052,714.68,3.96
610,1246.42,132,230.399993896484,12000.0,14.47,25.25,21987.96,439.76,33654.59,161546.52,0.2083,749.07,3.96
342,1254.99,144,172.800003051758,12000.0,15.78,18.94,21177.59,423.55,31096.26,161546.52,0.1925,655.56,3.96
277,1255.77,132,230.399993896484,12000.0,14.47,25.25,21987.96,439.76,33654.59,161546.52,0.2083,749.07,3.96
2328,1261.61,120,172.800003051758,12000.0,13.15,18.94,18676.59,373.53,27971.9,161546.52,0.1732,605.55,3.96
16,1264.94,156,201.600006103516,12000.0,17.1,22.09,23459.27,469.19,34718.46,161546.52,0.2149,739.79,3.96
1371,1268.84,144,230.399993896484,12000.0,15.78,25.25,23233.7,464.67,35210.77,161546.52,0.218,773.98,3.96
1024,1269.78,132,230.399993896484,12000.0,14.47,25.25,21987.96,439.76,33654.59,161546.52,0.2083,749.07,3.96
1945,1278.15,120,172.800003051758,12000.0,13.15,18.94,18676.59,373.53,27971.9,161546.52,0.1732,605.55,3.96
934,1289.79,132,230.399993896484,12000.0,14.47,25.25,21987.96,439.76,33654.59,161546.52,0.2083,749.07,3.96
2938,1295.77,108,172.800003051758,12000.0,11.84,18.94,17430.85,348.62,26415.73,161546.52,0.1635,580.64,3.96
1816,1305.77,120,172.800003051758,12000.0,13.15,18.94,18676.59,373.53,27971.9,161546.52,0.1732,605.55,3.96
573,1308.37,132,230.399993896484,12000.0,14.47,25.25,21987.96,439.76,33654.59,161546.52,0.2083,749.07,3.96
748,1310.09,132,230.399993896484,12000.0,14.47,25.25,21987.96,439.76,33654.59,161546.52,0.2083,749.07,3.96
2554,1311.95,120,172.800003051758,12000.0,13.15,18.94,18676.59,373.53,27971.9,161546.52,0.1732,605.55,3.96
1036,1318.0,132,230.399993896484,12000.0,14.47,25.25,21987.96,439.76,33654.59,161546.52,0.2083,749.07,3.96
2950,1331.23,108,172.800003051758,12000.0,11.84,18.94,17430.85,348.62,26415.73,161546.52,0.1635,580.64,3.96
2109,1332.78,132,172.800003051758,12000.0,14.47,18.94,19931.85,398.64,29540.09,161546.52,0.1829,630.65,3.96
1031,1341.82,132,230.399993896484,12000.0,14.47,25.25,21987.96,439.76,33654.59,161546.52,0.2083,749.07,3.96
2039,1350.96,120,172.800003051758,12000.0,13.15,18.94,18676.59,373.53,27971.9,161546.52,0.1732,605.55,3.96
1274,1354.74,144,230.399993896484,12000.0,15.78,25.25,23233.7,464.67,35210.77,161546.52,0.218,773.98,3.96
621,1376.18,132,230.399993896484,12000.0,14.47,25.25,21987.96,439.76,33654.59,161546.52,0.2083,749.07,3.96
1586,1381.76,120,172.800003051758,12000.0,13.15,18.94,18676.59,373.53,27971.9,161546.52,0.1732,605.55,3.96
1742,1387.62,108,172.800003051758,12000.0,11.84,18.94,17430.85,348.62,26415.73,161546.52,0.1635,580.64,3.96
3029,1406.48,120,201.600006103516,12000.0,13.15,22.09,19703.02,394.06,30025.93,161546.52,0.1859,664.66,3.96
1427,1411.58,144,230.399993896484,12000.0,15.78,25.25,23233.7,464.67,35210.77,161546.52,0.218,773.98,3.96
1724,1423.97,120,172.800003051758,12000.0,13.15,18.94,18676.59,373.53,27971.9,161546.52,0.1732,605.55,3.96
2056,1426.28,120,172.800003051758,12000.0,13.15,18.94,18676.59,373.53,27971.9,161546.52,0.1732,605.55,3.96
2924,1427.96,144,172.800003051758,12000.0,15.78,18.94,21177.59,423.55,31096.26,161546.52,0.1925,655.56,3.96
1613,1430.67,120,172.800003051758,12000.0,13.15,18.94,18676.59,373.53,27971.9,161546.52,0.1732,605.55,3.96
275,1434.81,132,230.399993896484,12000.0,14.47,25.25,21987.96,439.76,33654.59,161546.52,0.2083,749.07,3.96
286,1435.94,132,230.399993896484,12000.0,14.47,25.25,21987.96,439.76,33654.59,161546.52,0.2083,749.07,3.96
364,1439.45,144,201.600006103516,12000.0,15.78,22.09,22204.02,444.08,33150.29,161546.52,0.2052,714.68,3.96
2071,1440.17,120,172.800003051758,12000.0,13.15,18.94,18676.59,373.53,27971.9,161546.52,0.1732,605.55,3.96
2096,1441.72,120,172.800003051758,12000.0,13.15,18.94,18676.59,373.53,27971.9,161546.52,0.1732,605.55,3.96
1854,1453.37,120,172.800003051758,12000.0,13.15,18.94,18676.59,373.53,27971.9,161546.52,0.1732,605.55,3.96
1318,1454.52,144,230.399993896484,12000.0,15.78,25.25,23233.7,464.67,35210.77,161546.52,0.218,773.98,3.96
1795,1459.14,120,172.800003051758,12000.0,13.15,18.94,18676.59,373.53,27971.9,161546.52,0.1732,605.55,3.96
418,1485.19,132,230.399993896484,12000.0,14.47,25.25,21987.96,439.76,33654.59,161546.52,0.2083,749.07,3.96
1884,1511.06,120,172.800003051758,12000.0,13.15,18.94,18676.59,373.53,27971.9,161546.52,0.1732,605.55,3.96
2140,1522.47,132,172.800003051758,12000.0,14.47,18.94,19931.85,398.64,29540.09,161546.52,0.1829,630.65,3.96
1647,1542.0,132,201.600006103516,12000.0,14.47,22.09,20958.27,419.17,31594.1,161546.52,0.1956,689.77,3.96
412,1545.96,132,230.399993896484,12000.0,14.47,25.25,21987.96,439.76,33654.59,161546.52,0.2083,749.07,3.96
8,1553.23,156,201.600006103516,12000.0,17.1,22.09,23459.27,469.19,34718.46,161546.52,0.2149,739.79,3.96
2282,1558.45,120,172.800003051758,12000.0,13.15,18.94,18676.59,373.53,27971.9,161546.52,0.1732,605.55,3.96
2178,1561.41,120,172.800003051758,12000.0,13.15,18.94,18676.59,373.53,27971.9,161546.52,0.1732,605.55,3.96
1275,1565.68,144,230.399993896484,12000.0,15.78,25.25,23233.7,464.67,35210.77,161546.52,0.218,773.98,3.96
202,1578.04,132,230.399993896484,12000.0,14.47,25.25,21987.96,439.76,33654.59,161546.52,0.2083,749.07,3.96
1552,1586.85,132,172.800003051758,12000.0,14.47,18.94,19931.85,398.64,29540.09,161546.52,0.1829,630.65,3.96
2038,1590.77,120,172.800003051758,12000.0,13.15,18.94,18676.59,373.53,27971.9,161546.52,0.1732,605.55,3.96
3084,1591.08,120,172.800003051758,12000.0,13.15,18.94,18676.59,373.53,27971.9,161546.52,0.1732,605.55,3.96
1097,1596.82,144,201.600006103516,12000.0,15.78,22.09,22204.02,444.08,33150.29,161546.52,0.2052,714.68,3.96
1726,1605.53,108,172.800003051758,12000.0,11.84,18.94,17430.85,348.62,26415.73,161546.52,0.1635,580.64,3.96
2167,1606.57,120,172.800003051758,12000.0,13.15,18.94,18676.59,373.53,27971.9,161546.52,0.1732,605.55,3.96
659,1611.13,132,230.399993896484,12000.0,14.47,25.25,21987.96,439.76,33654.59,161546.52,0.2083,749.07,3.96
1743,1617.44,108,172.800003051758,12000.0,11.84,18.94,17430.85,348.62,26415.73,161546.52,0.1635,580.64,3.96
115,1622.44,156,201.600006103516,12000.0,17.1,22.09,23459.27,469.19,34718.46,161546.52,0.2149,739.79,3.96
1260,1623.8,144,230.399993896484,12000.0,15.78,25.25,23233.7,464.67,35210.77,161546.52,0.218,773.98,3.96
273,1624.76,132,230.399993896484,12000.0,14.47,25.25,21987.96,439.76,33654.59,161546.52,0.2083,749.07,3.96
2980,1629.54,144,172.800003051758,12000.0,15.78,18.94,21177.59,423.55,31096.26,161546.52,0.1925,655.56,3.96
67,1647.45,156,201.600006103516,12000.0,17.1,22.09,23459.27,469.19,34718.46,161546.52,0.2149,739.79,3.96
2197,1651.81,132,172.800003051758,12000.0,14.47,18.94,19931.85,398.64,29540.09,161546.52,0.1829,630.65,3.96
2158,1662.36,120,172.800003051758,12000.0,13.15,18.94,18676.59,373.53,27971.9,161546.52,0.1732,605.55,3.96
1973,1686.37,120,172.800003051758,12000.0,13.15,18.94,18676.59,373.53,27971.9,161546.52,0.1732,605.55,3.96
2993,1690.5,120,172.800003051758,12000.0,13.15,18.94,18676.59,373.53,27971.9,161546.52,0.1732,605.55,3.96
2958,1715.21,132,201.600006103516,12000.0,14.47,22.09,20958.27,419.17,31594.1,161546.52,0.1956,689.77,3.96
124,1717.96,156,201.600006103516,12000.0,17.1,22.09,23459.27,469.19,34718.46,161546.52,0.2149,739.79,3.96
995,1719.24,132,230.399993896484,12000.0,14.47,25.25,21987.96,439.76,33654.59,161546.52,0.2083,749.07,3.96
128,1720.44,156,201.600006103516,12000.0,17.1,22.09,23459.27,469.19,34718.46,161546.52,0.2149,739.79,3.96
358,1725.64,144,201.600006103516,12000.0,15.78,22.09,22204.02,444.08,33150.29,161546.52,0.2052,714.68,3.96
2373,1730.88,120,172.800003051758,12000.0,13.15,18.94,18676.59,373.53,27971.9,161546.52,0.1732,605.55,3.96
2901,1748.24,120,172.800003051758,12000.0,13.15,18.94,18676.59,373.53,27971.9,161546.52,0.1732,605.55,3.96
2066,1753.05,120,172.800003051758,12000.0,13.15,18.94,18676.59,373.53,27971.9,161546.52,0.1732,605.55,3.96
129,1798.42,156,201.600006103516,12000.0,17.1,22.09,23459.27,469.19,34718.46,161546.52,0.2149,739.79,3.96
486,1815.27,132,230.399993896484,12000.0,14.47,25.25,21987.96,439.76,33654.59,161546.52,0.2083,749.07,3.96
891,1826.25,120,259.200012207031,12000.0,13.15,28.41,21762.39,435.25,34147.02,161546.52,0.2114,783.27,3.96
2693,1856.94,120,172.800003051758,12000.0,13.15,18.94,18676.59,373.53,27971.9,161546.52,0.1732,605.55,3.96
2247,1857.78,120,172.800003051758,12000.0,13.15,18.94,18676.59,373.53,27971.9,161546.52,0.1732,605.55,3.96
302,1866.75,144,201.600006103516,12000.0,15.78,22.09,22204.02,444.08,33150.29,161546.52,0.2052,714.68,3.96
432,1867.94,132,230.399993896484,12000.0,14.47,25.25,21987.96,439.76,33654.59,161546.52,0.2083,749.07,3.96
2910,1877.6,120,172.800003051758,12000.0,13.15,18.94,18676.59,373.53,27971.9,161546.52,0.1732,605.55,3.96
1572,1889.05,132,172.800003051758,12000.0,14.47,18.94,19931.85,398.64,29540.09,161546.52,0.1829,630.65,3.96
1876,1908.39,120,172.800003051758,12000.0,13.15,18.94,18676.59,373.53,27971.9,161546.52,0.1732,605.55,3.96
489,1915.3,120,201.600006103516,12000.0,13.15,22.09,19703.02,394.06,30025.93,161546.52,0.1859,664.66,3.96
862,1936.95,132,230.399993896484,12000.0,14.47,25.25,21987.96,439.76,33654.59,161546.52,0.2083,749.07,3.96
2152,1944.23,120,172.800003051758,12000.0,13.15,18.94,18676.59,373.53,27971.9,161546.52,0.1732,605.55,3.96
1762,1951.8,108,172.800003051758,12000.0,11.84,18.94,17430.85,348.62,26415.73,161546.52,0.1635,580.64,3.96
1011,1977.56,132,230.399993896484,12000.0,14.47,25.25,21987.96,439.76,33654.59,161546.52,0.2083,749.07,3.96
1023,1978.59,132,230.399993896484,12000.0,14.47,25.25,21987.96,439.76,33654.59,161546.52,0.2083,749.07,3.96
723,2008.36,132,230.399993896484,12000.0,14.47,25.25,21987.96,439.76,33654.59,161546.52,0.2083,749.07,3.96
2960,2019.21,120,172.800003051758,12000.0,13.15,18.94,18676.59,373.53,27971.9,161546.52,0.1732,605.55,3.96
2691,2027.35,120,172.800003051758,12000.0,13.15,18.94,18676.59,373.53,27971.9,161546.52,0.1732,605.55,3.96
1543,2034.59,132,172.800003051758,12000.0,14.47,18.94,19931.85,398.64,29540.09,161546.52,0.1829,630.65,3.96
1400,2060.3,144,230.399993896484,12000.0,15.78,25.25,23233.7,464.67,35210.77,161546.52,0.218,773.98,3.96
1448,2088.56,144,230.399993896484,12000.0,15.78,25.25,23233.7,464.67,35210.77,161546.52,0.218,773.98,3.96
512,2106.96,132,230.399993896484,12000.0,14.47,25.25,21987.96,439.76,33654.59,161546.52,0.2083,749.07,3.96
1480,2109.85,144,230.399993896484,12000.0,15.78,25.25,23233.7,464.67,35210.77,161546.52,0.218,773.98,3.96
598,2114.63,144,201.600006103516,12000.0,15.78,22.09,22204.02,444.08,33150.29,161546.52,0.2052,714.68,3.96
2811,2119.48,120,172.800003051758,12000.0,13.15,18.94,18676.59,373.53,27971.9,161546.52,0.1732,605.55,3.96
710,2140.98,144,172.800003051758,12000.0,15.78,18.94,21177.59,423.55,31096.26,161546.52,0.1925,655.56,3.96
1496,2144.18,144,230.399993896484,12000.0,15.78,25.25,23233.7,464.67,35210.77,161546.52,0.218,773.98,3.96
1960,2188.33,120,172.800003051758,12000.0,13.15,18.94,18676.59,373.53,27971.9,161546.52,0.1732,605.55,3.96
3008,2200.85,144,172.800003051758,12000.0,15.78,18.94,21177.59,423.55,31096.26,161546.52,0.1925,655.56,3.96
1873,2213.52,120,172.800003051758,12000.0,13.15,18.94,18676.59,373.53,27971.9,161546.52,0.1732,605.55,3.96
2955,2252.72,144,172.800003051758,12000.0,15.78,18.94,21177.59,423.55,31096.26,161546.52,0.1925,655.56,3.96
691,2272.53,132,230.399993896484,12000.0,14.47,25.25,21987.96,439.76,33654.59,161546.52,0.2083,749.07,3.96
142,2276.38,132,230.399993896484,12000.0,14.47,25.25,21987.96,439.76,33654.59,161546.52,0.2083,749.07,3.96
3014,2276.65,108,172.800003051758,12000.0,11.84,18.94,17430.85,348.62,26415.73,161546.52,0.1635,580.64,3.96
2978,2290.86,120,172.800003051758,12000.0,13.15,18.94,18676.59,373.53,27971.9,161546.52,0.1732,605.55,3.96
1267,2291.42,156,201.600006103516,12000.0,17.1,22.09,23459.27,469.19,34718.46,161546.52,0.2149,739.79,3.96
1846,2294.12,120,172.800003051758,12000.0,13.15,18.94,18676.59,373.53,27971.9,161546.52,0.1732,605.55,3.96
820,2302.7,132,230.399993896484,12000.0,14.47,25.25,21987.96,439.76,33654.59,161546.52,0.2083,749.07,3.96
949,2313.82,144,201.600006103516,12000.0,15.78,22.09,22204.02,444.08,33150.29,161546.52,0.2052,714.68,3.96
2988,2313.82,120,172.800003051758,12000.0,13.15,18.94,18676.59,373.53,27971.9,161546.52,0.1732,605.55,3.96
960,2330.85,132,230.399993896484,12000.0,14.47,25.25,21987.96,439.76,33654.59,161546.52,0.2083,749.07,3.96
472,2351.24,120,259.200012207031,12000.0,13.15,28.41,21762.39,435.25,34147.02,161546.52,0.2114,783.27,3.96
3082,2355.45,120,172.800003051758,12000.0,13.15,18.94,18676.59,373.53,27971.9,161546.52,0.1732,605.55,3.96
2956,2361.93,132,201.600006103516,12000.0,14.47,22.09,20958.27,419.17,31594.1,161546.52,0.1956,689.77,3.96
1062,2390.17,132,230.399993896484,12000.0,14.47,25.25,21987.96,439.76,33654.59,161546.52,0.2083,749.07,3.96
500,2417.04,156,201.600006103516,12000.0,17.1,22.09,23459.27,469.19,34718.46,161546.52,0.2149,739.79,3.96
1249,2426.41,144,230.399993896484,12000.0,15.78,25.25,23233.7,464.67,35210.77,161546.52,0.218,773.98,3.96
22,2431.93,156,201.600006103516,12000.0,17.1,22.09,23459.27,469.19,34718.46,161546.52,0.2149,739.79,3.96
334,2458.22,132,230.399993896484,12000.0,14.47,25.25,21987.96,439.76,33654.59,161546.52,0.2083,749.07,3.96
478,2460.86,156,201.600006103516,12000.0,17.1,22.09,23459.27,469.19,34718.46,161546.52,0.2149,739.79,3.96
1725,2467.16,108,172.800003051758,12000.0,11.84,18.94,17430.85,348.62,26415.73,161546.52,0.1635,580.64,3.96
1745,2510.64,120,172.800003051758,12000.0,13.15,18.94,18676.59,373.53,27971.9,161546.52,0.1732,605.55,3.96
560,2511.46,132,230.399993896484,12000.0,14.47,25.25,21987.96,439.76,33654.59,161546.52,0.2083,749.07,3.96
522,2565.06,132,230.399993896484,12000.0,14.47,25.25,21987.96,439.76,33654.59,161546.52,0.2083,749.07,3.96
447,2591.48,132,230.399993896484,12000.0,14.47,25.25,21987.96,439.76,33654.59,161546.52,0.2083,749.07,3.96
2156,2600.94,120,172.800003051758,12000.0,13.15,18.94,18676.59,373.53,27971.9,161546.52,0.1732,605.55,3.96
1704,2601.59,120,172.800003051758,12000.0,13.15,18.94,18676.59,373.53,27971.9,161546.52,0.1732,605.55,3.96
1535,2610.51,144,201.600006103516,12000.0,15.78,22.09,22204.02,444.08,33150.29,161546.52,0.2052,714.68,3.96
2188,2627.75,132,172.800003051758,12000.0,14.47,18.94,19931.85,398.64,29540.09,161546.52,0.1829,630.65,3.96
1030,2634.07,132,230.399993896484,12000.0,14.47,25.25,21987.96,439.76,33654.59,161546.52,0.2083,749.07,3.96
1757,2639.53,108,172.800003051758,12000.0,11.84,18.94,17430.85,348.62,26415.73,161546.52,0.1635,580.64,3.96
1878,2688.12,120,172.800003051758,12000.0,13.15,18.94,18676.59,373.53,27971.9,161546.52,0.1732,605.55,3.96
136,2721.24,144,201.600006103516,12000.0,15.78,22.09,22204.02,444.08,33150.29,161546.52,0.2052,714.68,3.96
2987,2764.7,120,172.800003051758,12000.0,13.15,18.94,18676.59,373.53,27971.9,161546.52,0.1732,605.55,3.96
836,2771.25,132,230.399993896484,12000.0,14.47,25.25,21987.96,439.76,33654.59,161546.52,0.2083,749.07,3.96
1490,2827.86,144,230.399993896484,12000.0,15.78,25.25,23233.7,464.67,35210.77,161546.52,0.218,773.98,3.96
211,2833.26,132,230.399993896484,12000.0,14.47,25.25,21987.96,439.76,33654.59,161546.52,0.2083,749.07,3.96
2145,2856.58,120,172.800003051758,12000.0,13.15,18.94,18676.59,373.53,27971.9,161546.52,0.1732,605.55,3.96
3004,2867.75,108,172.800003051758,12000.0,11.84,18.94,17430.85,348.62,26415.73,161546.52,0.1635,580.64,3.96
1262,2874.29,156,201.600006103516,12000.0,17.1,22.09,23459.27,469.19,34718.46,161546.52,0.2149,739.79,3.96
1487,2875.32,144,230.399993896484,12000.0,15.78,25.25,23233.7,464.67,35210.77,161546.52,0.218,773.98,3.96
2930,2930.72,120,172.800003051758,12000.0,13.15,18.94,18676.59,373.53,27971.9,161546.52,0.1732,605.55,3.96
1540,2988.07,156,201.600006103516,12000.0,17.1,22.09,23459.27,469.19,34718.46,161546.52,0.2149,739.79,3.96
2099,3035.33,120,172.800003051758,12000.0,13.15,18.94,18676.59,373.53,27971.9,161546.52,0.1732,605.55,3.96
2004,3041.6,120,172.800003051758,12000.0,13.15,18.94,18676.59,373.53,27971.9,161546.52,0.1732,605.55,3.96
370,3062.46,144,201.600006103516,12000.0,15.78,22.09,22204.02,444.08,33150.29,161546.52,0.2052,714.68,3.96
441,3071.65,132,230.399993896484,12000.0,14.47,25.25,21987.96,439.76,33654.59,161546.52,0.2083,749.07,3.96
2083,3083.63,120,172.800003051758,12000.0,13.15,18.94,18676.59,373.53,27971.9,161546.52,0.1732,605.55,3.96
1766,3105.82,108,172.800003051758,12000.0,11.84,18.94,17430.85,348.62,26415.73,161546.52,0.1635,580.64,3.96
1723,3145.62,108,172.800003051758,12000.0,11.84,18.94,17430.85,348.62,26415.73,161546.52,0.1635,580.64,3.96
309,3148.62,132,230.399993896484,12000.0,14.47,25.25,21987.96,439.76,33654.59,161546.52,0.2083,749.07,3.96
964,3193.06,144,201.600006103516,12000.0,15.78,22.09,22204.02,444.08,33150.29,161546.52,0.2052,714.68,3.96
1744,3193.45,108,172.800003051758,12000.0,11.84,18.94,17430.85,348.62,26415.73,161546.52,0.1635,580.64,3.96
1759,3194.53,108,172.800003051758,12000.0,11.84,18.94,17430.85,348.62,26415.73,161546.52,0.1635,580.64,3.96
903,3203.09,132,230.399993896484,12000.0,14.47,25.25,21987.96,439.76,33654.59,161546.52,0.2083,749.07,3.96
470,3221.73,132,230.399993896484,12000.0,14.47,25.25,21987.96,439.76,33654.59,161546.52,0.2083,749.07,3.96
3065,3222.98,120,172.800003051758,12000.0,13.15,18.94,18676.59,373.53,27971.9,161546.52,0.1732,605.55,3.96
2115,3245.54,120,172.800003051758,12000.0,13.15,18.94,18676.59,373.53,27971.9,161546.52,0.1732,605.55,3.96
1013,3246.14,120,201.600006103516,12000.0,13.15,22.09,19703.02,394.06,30025.93,161546.52,0.1859,664.66,3.96
1550,3306.89,132,172.800003051758,12000.0,14.47,18.94,19931.85,398.64,29540.09,161546.52,0.1829,630.65,3.96
611,3328.4,144,201.600006103516,12000.0,15.78,22.09,22204.02,444.08,33150.29,161546.52,0.2052,714.68,3.96
805,3345.51,132,230.399993896484,12000.0,14.47,25.25,21987.96,439.76,33654.59,161546.52,0.2083,749.07,3.96
2531,3355.65,120,172.800003051758,12000.0,13.15,18.94,18676.59,373.53,27971.9,161546.52,0.1732,605.55,3.96
118,3402.54,156,201.600006103516,12000.0,17.1,22.09,23459.27,469.19,34718.46,161546.52,0.2149,739.79,3.96
1672,3501.94,132,172.800003051758,12000.0,14.47,18.94,19931.85,398.64,29540.09,161546.52,0.1829,630.65,3.96
1350,3520.86,144,230.399993896484,12000.0,15.78,25.25,23233.7,464.67,35210.77,161546.52,0.218,773.98,3.96
1375,3552.77,144,230.399993896484,12000.0,15.78,25.25,23233.7,464.67,35210.77,161546.52,0.218,773.98,3.96
1442,3554.28,144,230.399993896484,12000.0,15.78,25.25,23233.7,464.67,35210.77,161546.52,0.218,773.98,3.96
3077,3563.12,132,172.800003051758,12000.0,14.47,18.94,19931.85,398.64,29540.09,161546.52,0.1829,630.65,3.96
2181,3579.26,132,172.800003051758,12000.0,14.47,18.94,19931.85,398.64,29540.09,161546.52,0.1829,630.65,3.96
3021,3633.16,132,172.800003051758,12000.0,14.47,18.94,19931.85,398.64,29540.09,161546.52,0.1829,630.65,3.96
1539,3764.3,144,230.399993896484,12000.0,15.78,25.25,23233.7,464.67,35210.77,161546.52,0.218,773.98,3.96
3055,3810.0,120,172.800003051758,12000.0,13.15,18.94,18676.59,373.53,27971.9,161546.52,0.1732,605.55,3.96
1645,3851.55,120,172.800003051758,12000.0,13.15,18.94,18676.59,373.53,27971.9,161546.52,0.1732,605.55,3.96
3060,3882.58,132,172.800003051758,12000.0,14.47,18.94,19931.85,398.64,29540.09,161546.52,0.1829,630.65,3.96
1563,3907.92,132,201.600006103516,12000.0,14.47,22.09,20958.27,419.17,31594.1,161546.52,0.1956,689.77,3.96
2016,3913.15,120,172.800003051758,12000.0,13.15,18.94,18676.59,373.53,27971.9,161546.52,0.1732,605.55,3.96
2556,3917.42,120,172.800003051758,12000.0,13.15,18.94,18676.59,373.53,27971.9,161546.52,0.1732,605.55,3.96
1537,3932.16,144,230.399993896484,12000.0,15.78,25.25,23233.7,464.67,35210.77,161546.52,0.218,773.98,3.96
1889,3964.06,120,172.800003051758,12000.0,13.15,18.94,18676.59,373.53,27971.9,161546.52,0.1732,605.55,3.96
2973,3967.47,132,201.600006103516,12000.0,14.47,22.09,20958.27,419.17,31594.1,161546.52,0.1956,689.77,3.96
1918,3976.04,120,172.800003051758,12000.0,13.15,18.94,18676.59,373.53,27971.9,161546.52,0.1732,605.55,3.96
2816,3985.4,120,172.800003051758,12000.0,13.15,18.94,18676.59,373.53,27971.9,161546.52,0.1732,605.55,3.96
2925,4029.04,144,172.800003051758,12000.0,15.78,18.94,21177.59,423.55,31096.26,161546.52,0.1925,655.56,3.96
1709,4120.97,120,172.800003051758,12000.0,13.15,18.94,18676.59,373.53,27971.9,161546.52,0.1732,605.55,3.96
1555,4134.04,132,201.600006103516,12000.0,14.47,22.09,20958.27,419.17,31594.1,161546.52,0.1956,689.77,3.96
2970,4204.64,144,172.800003051758,12000.0,15.78,18.94,21177.59,423.55,31096.26,161546.52,0.1925,655.56,3.96
3011,4229.67,144,172.800003051758,12000.0,15.78,18.94,21177.59,423.55,31096.26,161546.52,0.1925,655.56,3.96
1533,4234.39,144,230.399993896484,12000.0,15.78,25.25,23233.7,464.67,35210.77,161546.52,0.218,773.98,3.96
1858,4247.92,132,172.800003051758,12000.0,14.47,18.94,19931.85,398.64,29540.09,161546.52,0.1829,630.65,3.96
1765,4258.46,120,172.800003051758,12000.0,13.15,18.94,18676.59,373.53,27971.9,161546.52,0.1732,605.55,3.96
183,4261.51,132,230.399993896484,12000.0,14.47,25.25,21987.96,439.76,33654.59,161546.52,0.2083,749.07,3.96
297,4273.39,168,201.600006103516,12000.0,18.41,22.09,24705.02,494.1,36274.65,161546.52,0.2245,764.7,3.96
1546,4299.8,144,201.600006103516,12000.0,15.78,22.09,22204.02,444.08,33150.29,161546.52,0.2052,714.68,3.96
940,4354.83,120,259.200012207031,12000.0,13.15,28.41,21762.39,435.25,34147.02,161546.52,0.2114,783.27,3.96
269,4357.69,132,230.399993896484,12000.0,14.47,25.25,21987.96,439.76,33654.59,161546.52,0.2083,749.07,3.96
1756,4372.79,108,172.800003051758,12000.0,11.84,18.94,17430.85,348.62,26415.73,161546.52,0.1635,580.64,3.96
1711,4428.88,120,172.800003051758,12000.0,13.15,18.94,18676.59,373.53,27971.9,161546.52,0.1732,605.55,3.96
139,4430.41,144,201.600006103516,12000.0,15.78,22.09,22204.02,444.08,33150.29,161546.52,0.2052,714.68,3.96
1778,4489.55,120,172.800003051758,12000.0,13.15,18.94,18676.59,373.53,27971.9,161546.52,0.1732,605.55,3.96
1225,4495.85,144,201.600006103516,12000.0,15.78,22.09,22204.02,444.08,33150.29,161546.52,0.2052,714.68,3.96
237,4512.57,132,230.399993896484,12000.0,14.47,25.25,21987.96,439.76,33654.59,161546.52,0.2083,749.07,3.96
131,4518.41,144,201.600006103516,12000.0,15.78,22.09,22204.02,444.08,33150.29,161546.52,0.2052,714.68,3.96
1578,4530.14,144,172.800003051758,12000.0,15.78,18.94,21177.59,423.55,31096.26,161546.52,0.1925,655.56,3.96
1737,4548.67,108,172.800003051758,12000.0,11.84,18.94,17430.85,348.62,26415.73,161546.52,0.1635,580.64,3.96
2615,4615.81,120,172.800003051758,12000.0,13.15,18.94,18676.59,373.53,27971.9,161546.52,0.1732,605.55,3.96
160,4636.78,144,201.600006103516,12000.0,15.78,22.09,22204.02,444.08,33150.29,161546.52,0.2052,714.68,3.96
387,4645.48,132,230.399993896484,12000.0,14.47,25.25,21987.96,439.76,33654.59,161546.52,0.2083,749.07,3.96
1682,4675.41,108,172.800003051758,12000.0,11.84,18.94,17430.85,348.62,26415.73,161546.52,0.1635,580.64,3.96
1257,4677.18,144,230.399993896484,12000.0,15.78,25.25,23233.7,464.67,35210.77,161546.52,0.218,773.98,3.96
2112,4684.51,132,172.800003051758,12000.0,14.47,18.94,19931.85,398.64,29540.09,161546.52,0.1829,630.65,3.96
3019,4697.65,108,172.800003051758,12000.0,11.84,18.94,17430.85,348.62,26415.73,161546.52,0.1635,580.64,3.96
1402,4707.13,132,172.800003051758,12000.0,14.47,18.94,19931.85,398.64,29540.09,161546.52,0.1829,630.65,3.96
1955,4708.08,120,172.800003051758,12000.0,13.15,18.94,18676.59,373.53,27971.9,161546.52,0.1732,605.55,3.96
2102,4719.24,132,172.800003051758,12000.0,14.47,18.94,19931.85,398.64,29540.09,161546.52,0.1829,630.65,3.96
3053,4786.11,108,172.800003051758,12000.0,11.84,18.94,17430.85,348.62,26415.73,161546.52,0.1635,580.64,3.96
1579,4840.09,132,172.800003051758,12000.0,14.47,18.94,19931.85,398.64,29540.09,161546.52,0.1829,630.65,3.96
1414,4845.64,144,230.399993896484,12000.0,15.78,25.25,23233.7,464.67,35210.77,161546.52,0.218,773.98,3.96
147,4894.89,144,172.800003051758,12000.0,15.78,18.94,21177.59,423.55,31096.26,161546.52,0.1925,655.56,3.96
2079,4923.4,120,172.800003051758,12000.0,13.15,18.94,18676.59,373.53,27971.9,161546.52,0.1732,605.55,3.96
245,4932.27,132,230.399993896484,12000.0,14.47,25.25,21987.96,439.76,33654.59,161546.52,0.2083,749.07,3.96
206,4958.12,132,230.399993896484,12000.0,14.47,25.25,21987.96,439.76,33654.59,161546.52,0.2083,749.07,3.96
2072,4959.63,120,172.800003051758,12000.0,13.15,18.94,18676.59,373.53,27971.9,161546.52,0.1732,605.55,3.96
1108,4993.81,144,201.600006103516,12000.0,15.78,22.09,22204.02,444.08,33150.29,161546.52,0.2052,714.68,3.96
3013,4995.24,144,172.800003051758,12000.0,15.78,18.94,21177.59,423.55,31096.26,161546.52,0.1925,655.56,3.96
2113,4996.96,120,172.800003051758,12000.0,13.15,18.94,18676.59,373.53,27971.9,161546.52,0.1732,605.55,3.96
2074,5015.28,120,172.800003051758,12000.0,13.15,18.94,18676.59,373.53,27971.9,161546.52,0.1732,605.55,3.96
453,5026.62,156,201.600006103516,12000.0,17.1,22.09,23459.27,469.19,34718.46,161546.52,0.2149,739.79,3.96
1571,5047.33,144,172.800003051758,12000.0,15.78,18.94,21177.59,423.55,31096.26,161546.52,0.1925,655.56,3.96
3000,5078.56,108,172.800003051758,12000.0,11.84,18.94,17430.85,348.62,26415.73,161546.52,0.1635,580.64,3.96
3086,5081.14,120,172.800003051758,12000.0,13.15,18.94,18676.59,373.53,27971.9,161546.52,0.1732,605.55,3.96
1844,5134.57,120,172.800003051758,12000.0,13.15,18.94,18676.59,373.53,27971.9,161546.52,0.1732,605.55,3.96
1583,5194.81,120,172.800003051758,12000.0,13.15,18.94,18676.59,373.53,27971.9,161546.52,0.1732,605.55,3.96
355,5319.37,132,230.399993896484,12000.0,14.47,25.25,21987.96,439.76,33654.59,161546.52,0.2083,749.07,3.96
1720,5337.37,108,172.800003051758,12000.0,11.84,18.94,17430.85,348.62,26415.73,161546.52,0.1635,580.64,3.96
2452,5398.02,120,172.800003051758,12000.0,13.15,18.94,18676.59,373.53,27971.9,161546.52,0.1732,605.55,3.96
263,5409.8,132,230.399993896484,12000.0,14.47,25.25,21987.96,439.76,33654.59,161546.52,0.2083,749.07,3.96
1898,5411.07,120,172.800003051758,12000.0,13.15,18.94,18676.59,373.53,27971.9,161546.52,0.1732,605.55,3.96
1121,5477.35,132,230.399993896484,12000.0,14.47,25.25,21987.96,439.76,33654.59,161546.52,0.2083,749.07,3.96
1758,5532.43,108,172.800003051758,12000.0,11.84,18.94,17430.85,348.62,26415.73,161546.52,0.1635,580.64,3.96
971,5542.63,144,172.800003051758,12000.0,15.78,18.94,21177.59,423.55,31096.26,161546.52,0.1925,655.56,3.96
1021,5574.51,132,230.399993896484,12000.0,14.47,25.25,21987.96,439.76,33654.59,161546.52,0.2083,749.07,3.96
3027,5615.42,120,172.800003051758,12000.0,13.15,18.94,18676.59,373.53,27971.9,161546.52,0.1732,605.55,3.96
1697,5659.95,120,172.800003051758,12000.0,13.15,18.94,18676.59,373.53,27971.9,161546.52,0.1732,605.55,3.96
2087,5682.6,132,172.800003051758,12000.0,14.47,18.94,19931.85,398.64,29540.09,161546.52,0.1829,630.65,3.96
209,5717.3,132,230.399993896484,12000.0,14.47,25.25,21987.96,439.76,33654.59,161546.52,0.2083,749.07,3.96
1067,5750.09,132,230.399993896484,12000.0,14.47,25.25,21987.96,439.76,33654.59,161546.52,0.2083,749.07,3.96
2036,5765.14,120,172.800003051758,12000.0,13.15,18.94,18676.59,373.53,27971.9,161546.52,0.1732,605.55,3.96
1246,5787.99,132,172.800003051758,12000.0,14.47,18.94,19931.85,398.64,29540.09,161546.52,0.1829,630.65,3.96
98,5812.45,156,201.600006103516,12000.0,17.1,22.09,23459.27,469.19,34718.46,161546.52,0.2149,739.79,3.96
3061,5859.74,120,172.800003051758,12000.0,13.15,18.94,18676.59,373.53,27971.9,161546.52,0.1732,605.55,3.96
3072,5863.43,120,172.800003051758,12000.0,13.15,18.94,18676.59,373.53,27971.9,161546.52,0.1732,605.55,3.96
3050,5890.13,120,172.800003051758,12000.0,13.15,18.94,18676.59,373.53,27971.9,161546.52,0.1732,605.55,3.96
2098,5911.81,120,172.800003051758,12000.0,13.15,18.94,18676.59,373.53,27971.9,161546.52,0.1732,605.55,3.96
2163,5925.72,108,172.800003051758,12000.0,11.84,18.94,17430.85,348.62,26415.73,161546.52,0.1635,580.64,3.96
2190,5989.55,120,172.800003051758,12000.0,13.15,18.94,18676.59,373.53,27971.9,161546.52,0.1732,605.55,3.96
1872,6013.03,120,172.800003051758,12000.0,13.15,18.94,18676.59,373.53,27971.9,161546.52,0.1732,605.55,3.96
1325,6053.06,144,230.399993896484,12000.0,15.78,25.25,23233.7,464.67,35210.77,161546.52,0.218,773.98,3.96
2091,6116.55,120,172.800003051758,12000.0,13.15,18.94,18676.59,373.53,27971.9,161546.52,0.1732,605.55,3.96
1557,6146.43,144,201.600006103516,12000.0,15.78,22.09,22204.02,444.08,33150.29,161546.52,0.2052,714.68,3.96
2187,6165.32,120,172.800003051758,12000.0,13.15,18.94,18676.59,373.53,27971.9,161546.52,0.1732,605.55,3.96
2149,6338.48,120,172.800003051758,12000.0,13.15,18.94,18676.59,373.53,27971.9,161546.52,0.1732,605.55,3.96
1536,6424.44,144,230.399993896484,12000.0,15.78,25.25,23233.7,464.67,35210.77,161546.52,0.218,773.98,3.96
524,6448.28,132,230.399993896484,12000.0,14.47,25.25,21987.96,439.76,33654.59,161546.52,0.2083,749.07,3.96
1253,6557.69,144,230.399993896484,12000.0,15.78,25.25,23233.7,464.67,35210.77,161546.52,0.218,773.98,3.96
2089,6582.69,120,172.800003051758,12000.0,13.15,18.94,18676.59,373.53,27971.9,161546.52,0.1732,605.55,3.96
1871,6583.82,120,172.800003051758,12000.0,13.15,18.94,18676.59,373.53,27971.9,161546.52,0.1732,605.55,3.96
932,6586.84,120,259.200012207031,12000.0,13.15,28.41,21762.39,435.25,34147.02,161546.52,0.2114,783.27,3.96
2912,6645.04,108,172.800003051758,12000.0,11.84,18.94,17430.85,348.62,26415.73,161546.52,0.1635,580.64,3.96
1664,6659.54,120,172.800003051758,12000.0,13.15,18.94,18676.59,373.53,27971.9,161546.52,0.1732,605.55,3.96
35,6666.15,156,201.600006103516,12000.0,17.1,22.09,23459.27,469.19,34718.46,161546.52,0.2149,739.79,3.96
2196,6705.93,120,172.800003051758,12000.0,13.15,18.94,18676.59,373.53,27971.9,161546.52,0.1732,605.55,3.96
1740,6731.8,108,172.800003051758,12000.0,11.84,18.94,17430.85,348.62,26415.73,161546.52,0.1635,580.64,3.96
467,6751.47,156,201.600006103516,12000.0,17.1,22.09,23459.27,469.19,34718.46,161546.52,0.2149,739.79,3.96
2128,6797.05,132,172.800003051758,12000.0,14.47,18.94,19931.85,398.64,29540.09,161546.52,0.1829,630.65,3.96
3088,6832.57,96,201.600006103516,12000.0,10.52,22.09,17202.02,344.04,26901.57,161546.52,0.1665,614.64,3.96
3057,6848.31,120,172.800003051758,12000.0,13.15,18.94,18676.59,373.53,27971.9,161546.52,0.1732,605.55,3.96
2899,6866.51,120,172.800003051758,12000.0,13.15,18.94,18676.59,373.53,27971.9,161546.52,0.1732,605.55,3.96
1722,6918.88,108,172.800003051758,12000.0,11.84,18.94,17430.85,348.62,26415.73,161546.52,0.1635,580.64,3.96
1731,6965.38,108,172.800003051758,12000.0,11.84,18.94,17430.85,348.62,26415.73,161546.52,0.1635,580.64,3.96
1655,7015.94,120,201.600006103516,12000.0,13.15,22.09,19703.02,394.06,30025.93,161546.52,0.1859,664.66,3.96
3093,7123.43,120,172.800003051758,12000.0,13.15,18.94,18676.59,373.53,27971.9,161546.52,0.1732,605.55,3.96
1431,7175.93,144,230.399993896484,12000.0,15.78,25.25,23233.7,464.67,35210.77,161546.52,0.218,773.98,3.96
2024,7247.01,120,172.800003051758,12000.0,13.15,18.94,18676.59,373.53,27971.9,161546.52,0.1732,605.55,3.96
1825,7251.23,132,172.800003051758,12000.0,14.47,18.94,19931.85,398.64,29540.09,161546.52,0.1829,630.65,3.96
3054,7294.14,120,172.800003051758,12000.0,13.15,18.94,18676.59,373.53,27971.9,161546.52,0.1732,605.55,3.96
1781,7431.6,132,172.800003051758,12000.0,14.47,18.94,19931.85,398.64,29540.09,161546.52,0.1829,630.65,3.96
3080,7445.46,132,172.800003051758,12000.0,14.47,18.94,19931.85,398.64,29540.09,161546.52,0.1829,630.65,3.96
1668,7591.71,132,172.800003051758,12000.0,14.47,18.94,19931.85,398.64,29540.09,161546.52,0.1829,630.65,3.96
2933,7708.49,120,172.800003051758,12000.0,13.15,18.94,18676.59,373.53,27971.9,161546.52,0.1732,605.55,3.96
0,7739.33,168,230.399993896484,12000.0,18.41,25.25,25734.7,514.69,38335.13,161546.52,0.2373,824.0,3.96
1822,7744.34,120,172.800003051758,12000.0,13.15,18.94,18676.59,373.53,27971.9,161546.52,0.1732,605.55,3.96
1712,7757.19,120,172.800003051758,12000.0,13.15,18.94,18676.59,373.53,27971.9,161546.52,0.1732,605.55,3.96
357,7864.01,144,201.600006103516,12000.0,15.78,22.09,22204.02,444.08,33150.29,161546.52,0.2052,714.68,3.96
2166,7878.17,132,172.800003051758,12000.0,14.47,18.94,19931.85,398.64,29540.09,161546.52,0.1829,630.65,3.96
2108,8094.6,132,172.800003051758,12000.0,14.47,18.94,19931.85,398.64,29540.09,161546.52,0.1829,630.65,3.96
1696,8151.5,120,172.800003051758,12000.0,13.15,18.94,18676.59,373.53,27971.9,161546.52,0.1732,605.55,3.96
2983,8159.81,132,172.800003051758,12000.0,14.47,18.94,19931.85,398.64,29540.09,161546.52,0.1829,630.65,3.96
1866,8238.89,120,172.800003051758,12000.0,13.15,18.94,18676.59,373.53,27971.9,161546.52,0.1732,605.55,3.96
276,8428.0,132,230.399993896484,12000.0,14.47,25.25,21987.96,439.76,33654.59,161546.52,0.2083,749.07,3.96
1689,8557.24,108,172.800003051758,12000.0,11.84,18.94,17430.85,348.62,26415.73,161546.52,0.1635,580.64,3.96
1999,8663.61,120,172.800003051758,12000.0,13.15,18.94,18676.59,373.53,27971.9,161546.52,0.1732,605.55,3.96
243,8693.1,132,230.399993896484,12000.0,14.47,25.25,21987.96,439.76,33654.59,161546.52,0.2083,749.07,3.96
3052,8697.01,120,172.800003051758,12000.0,13.15,18.94,18676.59,373.53,27971.9,161546.52,0.1732,605.55,3.96
1732,8707.76,132,172.800003051758,12000.0,14.47,18.94,19931.85,398.64,29540.09,161546.52,0.1829,630.65,3.96
2153,8742.36,120,172.800003051758,12000.0,13.15,18.94,18676.59,373.53,27971.9,161546.52,0.1732,605.55,3.96
2137,8774.8,132,172.800003051758,12000.0,14.47,18.94,19931.85,398.64,29540.09,161546.52,0.1829,630.65,3.96
1881,8818.47,120,172.800003051758,12000.0,13.15,18.94,18676.59,373.53,27971.9,161546.52,0.1732,605.55,3.96
1378,8851.74,144,230.399993896484,12000.0,15.78,25.25,23233.7,464.67,35210.77,161546.52,0.218,773.98,3.96
1869,8874.9,120,172.800003051758,12000.0,13.15,18.94,18676.59,373.53,27971.9,161546.52,0.1732,605.55,3.96
2953,9047.51,108,172.800003051758,12000.0,11.84,18.94,17430.85,348.62,26415.73,161546.52,0.1635,580.64,3.96
1739,9061.55,108,172.800003051758,12000.0,11.84,18.94,17430.85,348.62,26415.73,161546.52,0.1635,580.64,3.96
931,9084.88,132,230.399993896484,12000.0,14.47,25.25,21987.96,439.76,33654.59,161546.52,0.2083,749.07,3.96
2138,9101.0,120,172.800003051758,12000.0,13.15,18.94,18676.59,373.53,27971.9,161546.52,0.1732,605.55,3.96
2946,9173.11,120,172.800003051758,12000.0,13.15,18.94,18676.59,373.53,27971.9,161546.52,0.1732,605.55,3.96
2992,9370.55,120,172.800003051758,12000.0,13.15,18.94,18676.59,373.53,27971.9,161546.52,0.1732,605.55,3.96
1441,9563.13,144,230.399993896484,12000.0,15.78,25.25,23233.7,464.67,35210.77,161546.52,0.218,773.98,3.96
361,9664.3,144,201.600006103516,12000.0,15.78,22.09,22204.02,444.08,33150.29,161546.52,0.2052,714.68,3.96
1059,9680.17,132,230.399993896484,12000.0,14.47,25.25,21987.96,439.76,33654.59,161546.52,0.2083,749.07,3.96
2183,9695.15,132,172.800003051758,12000.0,14.47,18.94,19931.85,398.64,29540.09,161546.52,0.1829,630.65,3.96
3025,9770.49,120,172.800003051758,12000.0,13.15,18.94,18676.59,373.53,27971.9,161546.52,0.1732,605.55,3.96
2928,9796.07,120,172.800003051758,12000.0,13.15,18.94,18676.59,373.53,27971.9,161546.52,0.1732,605.55,3.96
2913,9805.67,132,172.800003051758,12000.0,14.47,18.94,19931.85,398.64,29540.09,161546.52,0.1829,630.65,3.96
3059,9807.41,120,172.800003051758,12000.0,13.15,18.94,18676.59,373.53,27971.9,161546.52,0.1732,605.55,3.96
1392,9913.98,144,230.399993896484,12000.0,15.78,25.25,23233.7,464.67,35210.77,161546.52,0.218,773.98,3.96
2100,10051.86,120,172.800003051758,12000.0,13.15,18.94,18676.59,373.53,27971.9,161546.52,0.1732,605.55,3.96
274,10132.78,120,259.200012207031,12000.0,13.15,28.41,21762.39,435.25,34147.02,161546.52,0.2114,783.27,3.96
2068,10173.94,120,172.800003051758,12000.0,13.15,18.94,18676.59,373.53,27971.9,161546.52,0.1732,605.55,3.96
2097,10297.12,132,172.800003051758,12000.0,14.47,18.94,19931.85,398.64,29540.09,161546.52,0.1829,630.65,3.96
1565,10325.05,120,201.600006103516,12000.0,13.15,22.09,19703.02,394.06,30025.93,161546.52,0.1859,664.66,3.96
1589,10500.02,120,172.800003051758,12000.0,13.15,18.94,18676.59,373.53,27971.9,161546.52,0.1732,605.55,3.96
3005,10504.76,108,172.800003051758,12000.0,11.84,18.94,17430.85,348.62,26415.73,161546.52,0.1635,580.64,3.96
2949,10632.46,132,201.600006103516,12000.0,14.47,22.09,20958.27,419.17,31594.1,161546.52,0.1956,689.77,3.96
1891,10669.06,120,172.800003051758,12000.0,13.15,18.94,18676.59,373.53,27971.9,161546.52,0.1732,605.55,3.96
1867,10726.7,120,172.800003051758,12000.0,13.15,18.94,18676.59,373.53,27971.9,161546.52,0.1732,605.55,3.96
521,10776.5,132,230.399993896484,12000.0,14.47,25.25,21987.96,439.76,33654.59,161546.52,0.2083,749.07,3.96
831,10840.45,132,230.399993896484,12000.0,14.47,25.25,21987.96,439.76,33654.59,161546.52,0.2083,749.07,3.96
1728,10859.9,108,172.800003051758,12000.0,11.84,18.94,17430.85,348.62,26415.73,161546.52,0.1635,580.64,3.96
221,10935.32,132,230.399993896484,12000.0,14.47,25.25,21987.96,439.76,33654.59,161546.52,0.2083,749.07,3.96
3009,10992.08,108,172.800003051758,12000.0,11.84,18.94,17430.85,348.62,26415.73,161546.52,0.1635,580.64,3.96
3031,11253.91,120,201.600006103516,12000.0,13.15,22.09,19703.02,394.06,30025.93,161546.52,0.1859,664.66,3.96
3048,11323.99,120,172.800003051758,12000.0,13.15,18.94,18676.59,373.53,27971.9,161546.52,0.1732,605.55,3.96
149,11411.18,132,230.399993896484,12000.0,14.47,25.25,21987.96,439.76,33654.59,161546.52,0.2083,749.07,3.96
1383,11535.99,144,230.399993896484,12000.0,15.78,25.25,23233.7,464.67,35210.77,161546.52,0.218,773.98,3.96
2975,11548.82,120,172.800003051758,12000.0,13.15,18.94,18676.59,373.53,27971.9,161546.52,0.1732,605.55,3.96
3033,11626.68,120,172.800003051758,12000.0,13.15,18.94,18676.59,373.53,27971.9,161546.52,0.1732,605.55,3.96
3073,11704.84,120,172.800003051758,12000.0,13.15,18.94,18676.59,373.53,27971.9,161546.52,0.1732,605.55,3.96
1538,11764.99,144,201.600006103516,12000.0,15.78,22.09,22204.02,444.08,33150.29,161546.52,0.2052,714.68,3.96
271,11826.31,144,201.600006103516,12000.0,15.78,22.09,22204.02,444.08,33150.29,161546.52,0.2052,714.68,3.96
2985,11933.29,132,201.600006103516,12000.0,14.47,22.09,20958.27,419.17,31594.1,161546.52,0.1956,689.77,3.96
2982,12082.58,144,172.800003051758,12000.0,15.78,18.94,21177.59,423.55,31096.26,161546.52,0.1925,655.56,3.96
1940,12363.39,132,172.800003051758,12000.0,14.47,18.94,19931.85,398.64,29540.09,161546.52,0.1829,630.65,3.96
1627,12663.49,132,172.800003051758,12000.0,14.47,18.94,19931.85,398.64,29540.09,161546.52,0.1829,630.65,3.96
1567,12704.79,132,201.600006103516,12000.0,14.47,22.09,20958.27,419.17,31594.1,161546.52,0.1956,689.77,3.96
1684,12715.43,132,172.800003051758,12000.0,14.47,18.94,19931.85,398.64,29540.09,161546.52,0.1829,630.65,3.96
3070,12761.08,120,172.800003051758,12000.0,13.15,18.94,18676.59,373.53,27971.9,161546.52,0.1732,605.55,3.96
2997,12776.2,120,172.800003051758,12000.0,13.15,18.94,18676.59,373.53,27971.9,161546.52,0.1732,605.55,3.96
1670,12839.79,132,172.800003051758,12000.0,14.47,18.94,19931.85,398.64,29540.09,161546.52,0.1829,630.65,3.96
2082,12899.08,132,172.800003051758,12000.0,14.47,18.94,19931.85,398.64,29540.09,161546.52,0.1829,630.65,3.96
2081,12939.01,132,172.800003051758,12000.0,14.47,18.94,19931.85,398.64,29540.09,161546.52,0.1829,630.65,3.96
3081,13095.97,132,172.800003051758,12000.0,14.47,18.94,19931.85,398.64,29540.09,161546.52,0.1829,630.65,3.96
1353,13125.62,144,230.399993896484,12000.0,15.78,25.25,23233.7,464.67,35210.77,161546.52,0.218,773.98,3.96
1864,13240.41,108,172.800003051758,12000.0,11.84,18.94,17430.85,348.62,26415.73,161546.52,0.1635,580.64,3.96
2094,13357.86,132,172.800003051758,12000.0,14.47,18.94,19931.85,398.64,29540.09,161546.52,0.1829,630.65,3.96
2143,13861.58,120,172.800003051758,12000.0,13.15,18.94,18676.59,373.53,27971.9,161546.52,0.1732,605.55,3.96
4,13978.46,168,230.399993896484,12000.0,18.41,25.25,25734.7,514.69,38335.13,161546.52,0.2373,824.0,3.96
1699,14335.56,120,172.800003051758,12000.0,13.15,18.94,18676.59,373.53,27971.9,161546.52,0.1732,605.55,3.96
2935,14342.19,120,172.800003051758,12000.0,13.15,18.94,18676.59,373.53,27971.9,161546.52,0.1732,605.55,3.96
3006,14639.42,144,172.800003051758,12000.0,15.78,18.94,21177.59,423.55,31096.26,161546.52,0.1925,655.56,3.96
3068,14670.38,120,172.800003051758,12000.0,13.15,18.94,18676.59,373.53,27971.9,161546.52,0.1732,605.55,3.96
1558,14837.15,132,201.600006103516,12000.0,14.47,22.09,20958.27,419.17,31594.1,161546.52,0.1956,689.77,3.96
1669,15006.6,132,172.800003051758,12000.0,14.47,18.94,19931.85,398.64,29540.09,161546.52,0.1829,630.65,3.96
3085,15104.77,120,172.800003051758,12000.0,13.15,18.94,18676.59,373.53,27971.9,161546.52,0.1732,605.55,3.96
2110,15467.68,120,172.800003051758,12000.0,13.15,18.94,18676.59,373.53,27971.9,161546.52,0.1732,605.55,3.96
1774,15953.67,120,172.800003051758,12000.0,13.15,18.94,18676.59,373.53,27971.9,161546.52,0.1732,605.55,3.96
446,16124.17,132,230.399993896484,12000.0,14.47,25.25,21987.96,439.76,33654.59,161546.52,0.2083,749.07,3.96
2078,16292.06,120,172.800003051758,12000.0,13.15,18.94,18676.59,373.53,27971.9,161546.52,0.1732,605.55,3.96
47,16476.9,156,201.600006103516,12000.0,17.1,22.09,23459.27,469.19,34718.46,161546.52,0.2149,739.79,3.96
2177,16775.87,120,172.800003051758,12000.0,13.15,18.94,18676.59,373.53,27971.9,161546.52,0.1732,605.55,3.96
2064,16816.46,120,172.800003051758,12000.0,13.15,18.94,18676.59,373.53,27971.9,161546.52,0.1732,605.55,3.96
1688,16821.94,108,172.800003051758,12000.0,11.84,18.94,17430.85,348.62,26415.73,161546.52,0.1635,580.64,3.96
1716,16901.59,120,172.800003051758,12000.0,13.15,18.94,18676.59,373.53,27971.9,161546.52,0.1732,605.55,3.96
2998,17083.38,132,172.800003051758,12000.0,14.47,18.94,19931.85,398.64,29540.09,161546.52,0.1829,630.65,3.96
1667,17365.88,132,172.800003051758,12000.0,14.47,18.94,19931.85,398.64,29540.09,161546.52,0.1829,630.65,3.96
3067,17684.24,108,172.800003051758,12000.0,11.84,18.94,17430.85,348.62,26415.73,161546.52,0.1635,580.64,3.96
1527,17844.43,156,201.600006103516,12000.0,17.1,22.09,23459.27,469.19,34718.46,161546.52,0.2149,739.79,3.96
2192,18130.83,108,172.800003051758,12000.0,11.84,18.94,17430.85,348.62,26415.73,161546.52,0.1635,580.64,3.96
1750,18234.29,108,172.800003051758,12000.0,11.84,18.94,17430.85,348.62,26415.73,161546.52,0.1635,580.64,3.96
1701,18236.67,120,172.800003051758,12000.0,13.15,18.94,18676.59,373.53,27971.9,161546.52,0.1732,605.55,3.96
1525,18623.97,156,201.600006103516,12000.0,17.1,22.09,23459.27,469.19,34718.46,161546.52,0.2149,739.79,3.96
1721,19185.14,120,172.800003051758,12000.0,13.15,18.94,18676.59,373.53,27971.9,161546.52,0.1732,605.55,3.96
2929,19221.71,120,172.800003051758,12000.0,13.15,18.94,18676.59,373.53,27971.9,161546.52,0.1732,605.55,3.96
2077,19379.69,120,172.800003051758,12000.0,13.15,18.94,18676.59,373.53,27971.9,161546.52,0.1732,605.55,3.96
1680,19474.5,132,172.800003051758,12000.0,14.47,18.94,19931.85,398.64,29540.09,161546.52,0.1829,630.65,3.96
1238,20194.85,144,230.399993896484,12000.0,15.78,25.25,23233.7,464.67,35210.77,161546.52,0.218,773.98,3.96
2129,20485.82,132,172.800003051758,12000.0,14.47,18.94,19931.85,398.64,29540.09,161546.52,0.1829,630.65,3.96
1998,20505.56,120,172.800003051758,12000.0,13.15,18.94,18676.59,373.53,27971.9,161546.52,0.1732,605.55,3.96
516,21225.15,132,230.399993896484,12000.0,14.47,25.25,21987.96,439.76,33654.59,161546.52,0.2083,749.07,3.96
674,21908.34,132,230.399993896484,12000.0,14.47,25.25,21987.96,439.76,33654.59,161546.52,0.2083,749.07,3.96
2080,22201.5,132,172.800003051758,12000.0,14.47,18.94,19931.85,398.64,29540.09,161546.52,0.1829,630.65,3.96
2103,22434.71,132,172.800003051758,12000.0,14.47,18.94,19931.85,398.64,29540.09,161546.52,0.1829,630.65,3.96
3089,22576.1,120,172.800003051758,12000.0,13.15,18.94,18676.59,373.53,27971.9,161546.52,0.1732,605.55,3.96
2934,22661.63,120,172.800003051758,12000.0,13.15,18.94,18676.59,373.53,27971.9,161546.52,0.1732,605.55,3.96
1760,23236.79,120,172.800003051758,12000.0,13.15,18.94,18676.59,373.53,27971.9,161546.52,0.1732,605.55,3.96
2175,23683.04,132,172.800003051758,12000.0,14.47,18.94,19931.85,398.64,29540.09,161546.52,0.1829,630.65,3.96
1997,24333.67,120,172.800003051758,12000.0,13.15,18.94,18676.59,373.53,27971.9,161546.52,0.1732,605.55,3.96
1823,24499.47,120,172.800003051758,12000.0,13.15,18.94,18676.59,373.53,27971.9,161546.52,0.1732,605.55,3.96
2995,24510.03,120,172.800003051758,12000.0,13.15,18.94,18676.59,373.53,27971.9,161546.52,0.1732,605.55,3.96
1753,24603.14,108,172.800003051758,12000.0,11.84,18.94,17430.85,348.62,26415.73,161546.52,0.1635,580.64,3.96
1790,25278.69,120,172.800003051758,12000.0,13.15,18.94,18676.59,373.53,27971.9,161546.52,0.1732,605.55,3.96
2927,25889.81,96,172.800003051758,12000.0,10.52,18.94,16175.59,323.51,24847.54,161546.52,0.1538,555.53,3.96
1327,25948.55,144,230.399993896484,12000.0,15.78,25.25,23233.7,464.67,35210.77,161546.52,0.218,773.98,3.96
1769,26285.09,108,172.800003051758,12000.0,11.84,18.94,17430.85,348.62,26415.73,161546.52,0.1635,580.64,3.96
2051,28519.85,120,172.800003051758,12000.0,13.15,18.94,18676.59,373.53,27971.9,161546.52,0.1732,605.55,3.96
1693,29136.38,108,172.800003051758,12000.0,11.84,18.94,17430.85,348.62,26415.73,161546.52,0.1635,580.64,3.96
134,29988.99,156,201.600006103516,12000.0,17.1,22.09,23459.27,469.19,34718.46,161546.52,0.2149,739.79,3.96
1736,30303.67,108,172.800003051758,12000.0,11.84,18.94,17430.85,348.62,26415.73,161546.52,0.1635,580.64,3.96
3087,30377.04,96,201.600006103516,12000.0,10.52,22.09,17202.02,344.04,26901.57,161546.52,0.1665,614.64,3.96
2977,30641.75,120,172.800003051758,12000.0,13.15,18.94,18676.59,373.53,27971.9,161546.52,0.1732,605.55,3.96
2093,31087.95,132,172.800003051758,12000.0,14.47,18.94,19931.85,398.64,29540.09,161546.52,0.1829,630.65,3.96
2989,32831.9,132,172.800003051758,12000.0,14.47,18.94,19931.85,398.64,29540.09,161546.52,0.1829,630.65,3.96
3069,33087.2,120,172.800003051758,12000.0,13.15,18.94,18676.59,373.53,27971.9,161546.52,0.1732,605.55,3.96
3091,33502.43,120,172.800003051758,12000.0,13.15,18.94,18676.59,373.53,27971.9,161546.52,0.1732,605.55,3.96
1754,34046.31,108,172.800003051758,12000.0,11.84,18.94,17430.85,348.62,26415.73,161546.52,0.1635,580.64,3.96
2182,35401.24,132,172.800003051758,12000.0,14.47,18.94,19931.85,398.64,29540.09,161546.52,0.1829,630.65,3.96
1761,35488.24,108,172.800003051758,12000.0,11.84,18.94,17430.85,348.62,26415.73,161546.52,0.1635,580.64,3.96
2,35785.21,168,230.399993896484,12000.0,18.41,25.25,25734.7,514.69,38335.13,161546.52,0.2373,824.0,3.96
1681,35929.41,120,172.800003051758,12000.0,13.15,18.94,18676.59,373.53,27971.9,161546.52,0.1732,605.55,3.96
2176,38832.12,120,172.800003051758,12000.0,13.15,18.94,18676.59,373.53,27971.9,161546.52,0.1732,605.55,3.96
228,39708.21,132,230.399993896484,12000.0,14.47,25.25,21987.96,439.76,33654.59,161546.52,0.2083,749.07,3.96
2142,39889.52,120,172.800003051758,12000.0,13.15,18.94,18676.59,373.53,27971.9,161546.52,0.1732,605.55,3.96
1542,40742.88,156,201.600006103516,12000.0,17.1,22.09,23459.27,469.19,34718.46,161546.52,0.2149,739.79,3.96
1714,43550.0,108,172.800003051758,12000.0,11.84,18.94,17430.85,348.62,26415.73,161546.52,0.1635,580.64,3.96
1686,44865.77,132,172.800003051758,12000.0,14.47,18.94,19931.85,398.64,29540.09,161546.52,0.1829,630.65,3.96
3032,45571.7,120,201.600006103516,12000.0,13.15,22.09,19703.02,394.06,30025.93,161546.52,0.1859,664.66,3.96
1768,46496.83,132,172.800003051758,12000.0,14.47,18.94,19931.85,398.64,29540.09,161546.52,0.1829,630.65,3.96
311,49854.73,132,230.399993896484,12000.0,14.47,25.25,21987.96,439.76,33654.59,161546.52,0.2083,749.07,3.96
1685,50127.44,132,172.800003051758,12000.0,14.47,18.94,19931.85,398.64,29540.09,161546.52,0.1829,630.65,3.96
2059,50275.3,120,172.800003051758,12000.0,13.15,18.94,18676.59,373.53,27971.9,161546.52,0.1732,605.55,3.96
457,51121.28,156,201.600006103516,12000.0,17.1,22.09,23459.27,469.19,34718.46,161546.52,0.2149,739.79,3.96
2207,51186.5,132,172.800003051758,12000.0,14.47,18.94,19931.85,398.64,29540.09,161546.52,0.1829,630.65,3.96
2053,53724.24,120,172.800003051758,12000.0,13.15,18.94,18676.59,373.53,27971.9,161546.52,0.1732,605.55,3.96
3062,58752.29,120,172.800003051758,12000.0,13.15,18.94,18676.59,373.53,27971.9,161546.52,0.1732,605.55,3.96
1718,58905.34,120,172.800003051758,12000.0,13.15,18.94,18676.59,373.53,27971.9,161546.52,0.1732,605.55,3.96
2966,67433.3,132,201.600006103516,12000.0,14.47,22.09,20958.27,419.17,31594.1,161546.52,0.1956,689.77,3.96
3078,67658.12,108,201.600006103516,12000.0,11.84,22.09,18457.27,369.15,28469.74,161546.52,0.1762,639.75,3.96
3076,72097.78,120,172.800003051758,12000.0,13.15,18.94,18676.59,373.53,27971.9,161546.52,0.1732,605.55,3.96
2171,73524.51,120,172.800003051758,12000.0,13.15,18.94,18676.59,373.53,27971.9,161546.52,0.1732,605.55,3.96
1752,73644.17,108,172.800003051758,12000.0,11.84,18.94,17430.85,348.62,26415.73,161546.52,0.1635,580.64,3.96
2076,90908.5,120,172.800003051758,12000.0,13.15,18.94,18676.59,373.53,27971.9,161546.52,0.1732,605.55,3.96
2127,94589.48,132,172.800003051758,12000.0,14.47,18.94,19931.85,398.64,29540.09,161546.52,0.1829,630.65,3.96
1767,94783.89,132,172.800003051758,12000.0,14.47,18.94,19931.85,398.64,29540.09,161546.52,0.1829,630.65,3.96
1818,98961.33,132,172.800003051758,12000.0,14.47,18.94,19931.85,398.64,29540.09,161546.52,0.1829,630.65,3.96
133,100241.97,144,201.600006103516,12000.0,15.78,22.09,22204.02,444.08,33150.29,161546.52,0.2052,714.68,3.96
1735,119301.79,120,172.800003051758,12000.0,13.15,18.94,18676.59,373.53,27971.9,161546.52,0.1732,605.55,3.96
1691,143422.13,108,172.800003051758,12000.0,11.84,18.94,17430.85,348.62,26415.73,161546.52,0.1635,580.64,3.96
