id,student_count,pv_kw_t,bat_kw_t
2435,19.99,120,172.800003051758
480,20.99,132,230.399993896484
2947,23.33,120,172.800003051758
3041,23.91,108,172.800003051758
2590,39.97,120,172.800003051758
2719,41.13,120,172.800003051758
166,43.24,132,230.399993896484
947,43.85,144,201.600006103516
1122,47.27,132,230.399993896484
1746,48.03,120,172.800003051758
2415,50.53,120,172.800003051758
56,50.55,156,201.600006103516
152,50.91,132,230.399993896484
2297,51.09,120,172.800003051758
2708,51.48,120,172.800003051758
2214,58.46,120,172.800003051758
58,58.77,156,201.600006103516
2804,62.44,120,172.800003051758
2318,62.92,120,172.800003051758
2809,63.89,120,172.800003051758
2335,63.91,120,172.800003051758
2981,64.7,144,172.800003051758
2428,65.89,120,172.800003051758
3003,69.16,108,172.800003051758
2874,70.78,120,172.800003051758
2659,75.25,120,172.800003051758
162,78.6,132,230.399993896484
92,80.6,156,201.600006103516
2421,82.01,120,172.800003051758
685,83.61,144,201.600006103516
677,84.36,144,201.600006103516
2710,85.41,120,172.800003051758
2658,86.22,120,172.800003051758
687,86.59,132,230.399993896484
2790,88.93,120,172.800003051758
2591,90.13,120,172.800003051758
501,91.68,132,230.399993896484
2257,92.07,120,172.800003051758
3046,94.28,108,172.800003051758
179,94.42,132,230.399993896484
2306,98.76,120,172.800003051758
2429,100.58,120,172.800003051758
150,101.29,144,201.600006103516
442,102,132,230.399993896484
2240,105.94,120,172.800003051758
463,106.14,132,230.399993896484
2413,107.75,120,172.800003051758
60,108.52,156,201.600006103516
1193,110.46,132,230.399993896484
933,114.31,120,259.200012207031
2296,114.65,120,172.800003051758
835,114.79,132,230.399993896484
2130,115.03,132,172.800003051758
1088,116.55,144,201.600006103516
1561,118.88,132,201.600006103516
293,119.43,132,230.399993896484
1895,120.02,120,172.800003051758
618,121.36,132,230.399993896484
2302,122.09,120,172.800003051758
2656,122.27,120,172.800003051758
2939,122.56,120,172.800003051758
838,124.06,132,230.399993896484
1590,125.98,120,172.800003051758
2451,128.64,120,172.800003051758
2599,129,120,172.800003051758
1826,129.35,120,172.800003051758
2238,129.71,120,172.800003051758
2887,130.18,120,172.800003051758
2941,130.3,108,172.800003051758
1892,130.7,120,172.800003051758
1194,131.66,144,201.600006103516
1780,131.92,120,172.800003051758
2750,136.26,120,172.800003051758
596,139.94,144,201.600006103516
1212,140.16,144,201.600006103516
2333,141.21,120,172.800003051758
143,141.54,144,201.600006103516
807,141.55,144,201.600006103516
1126,147.68,132,230.399993896484
1916,147.92,120,172.800003051758
2959,148.33,120,172.800003051758
2622,149.16,120,172.800003051758
3010,149.51,144,172.800003051758
1609,149.66,120,172.800003051758
2821,149.88,120,172.800003051758
2894,150.82,120,172.800003051758
2461,150.86,120,172.800003051758
2255,151.1,120,172.800003051758
622,153.83,132,230.399993896484
1079,153.83,144,201.600006103516
2903,155.02,120,172.800003051758
48,156.3,156,201.600006103516
1848,158.24,120,172.800003051758
1192,162.51,132,230.399993896484
2785,163.04,120,172.800003051758
2210,163.09,120,172.800003051758
2711,164.37,120,172.800003051758
1071,164.58,144,201.600006103516
1896,167.1,120,172.800003051758
1588,167.29,120,172.800003051758
943,170.33,144,201.600006103516
2796,172.75,120,172.800003051758
507,172.88,132,230.399993896484
18,173.31,156,201.600006103516
3024,174.9,132,172.800003051758
2747,176.35,120,172.800003051758
2220,177.41,120,172.800003051758
410,178.9,144,201.600006103516
1111,180.06,132,230.399993896484
2261,180.5,120,172.800003051758
374,181.76,132,230.399993896484
2208,183.66,120,172.800003051758
649,184.49,144,201.600006103516
1048,185.49,132,230.399993896484
272,185.99,132,230.399993896484
50,186.04,156,201.600006103516
5,187.54,156,201.600006103516
897,189.18,144,201.600006103516
1095,189.79,144,201.600006103516
1242,190.01,144,230.399993896484
2990,190.11,120,172.800003051758
937,191.33,144,201.600006103516
23,191.48,156,201.600006103516
2878,192.2,120,172.800003051758
1928,192.57,120,172.800003051758
247,193.46,132,230.399993896484
177,193.49,132,230.399993896484
2743,194.31,120,172.800003051758
2244,196.55,120,172.800003051758
1640,197.33,120,172.800003051758
1422,199.59,144,230.399993896484
3016,199.66,108,172.800003051758
2299,199.78,120,172.800003051758
10,202.8,156,201.600006103516
2570,204.93,120,172.800003051758
3044,207.99,108,172.800003051758
2588,208.93,120,172.800003051758
679,210.64,132,230.399993896484
599,210.76,144,201.600006103516
1373,211.64,144,230.399993896484
1616,211.73,120,172.800003051758
2565,212.77,120,172.800003051758
1856,213.38,120,172.800003051758
254,213.64,132,230.399993896484
99,216.46,156,201.600006103516
1028,217.15,144,201.600006103516
2817,217.7,120,172.800003051758
1484,218.59,144,230.399993896484
852,218.99,144,201.600006103516
2676,221.04,120,172.800003051758
1801,221.39,120,172.800003051758
2753,226.91,120,172.800003051758
682,229.82,132,230.399993896484
428,231.92,132,230.399993896484
1934,234.56,120,172.800003051758
1784,235.46,120,172.800003051758
2222,237.22,120,172.800003051758
1027,238.05,144,201.600006103516
2583,240.02,120,172.800003051758
2596,241.7,120,172.800003051758
1930,242.19,120,172.800003051758
2662,244.31,120,172.800003051758
998,247.46,144,201.600006103516
1607,248.52,120,172.800003051758
576,248.74,132,230.399993896484
811,248.9,132,230.399993896484
2265,252.1,120,172.800003051758
1482,256.13,144,230.399993896484
1888,258.34,120,172.800003051758
1623,264.56,120,172.800003051758
1659,266.89,120,172.800003051758
2678,269.35,120,172.800003051758
2061,270.43,120,172.800003051758
2666,270.75,120,172.800003051758
1992,272.66,120,172.800003051758
821,273.95,132,230.399993896484
857,275.65,144,201.600006103516
1493,276.29,144,230.399993896484
1622,276.88,120,172.800003051758
3039,277.87,108,172.800003051758
1430,280.29,144,230.399993896484
1239,280.88,144,230.399993896484
1820,281.53,120,172.800003051758
52,284.15,156,201.600006103516
2872,285.05,120,172.800003051758
2202,285.44,120,172.800003051758
448,285.98,132,230.399993896484
2223,287.07,120,172.800003051758
714,287.11,132,230.399993896484
1966,288.85,120,172.800003051758
2954,290.12,120,172.800003051758
1372,290.55,144,230.399993896484
1559,292.35,144,172.800003051758
498,292.42,132,230.399993896484
2568,292.56,120,172.800003051758
697,292.59,132,230.399993896484
2799,293.28,120,172.800003051758
1911,296.43,120,172.800003051758
2048,299.78,120,172.800003051758
1964,301.48,120,172.800003051758
743,301.65,144,201.600006103516
1921,303.93,120,172.800003051758
1852,304.01,120,172.800003051758
541,306.16,144,201.600006103516
212,307.4,132,230.399993896484
1310,307.72,144,230.399993896484
2025,308.34,120,172.800003051758
197,309.04,132,230.399993896484
499,310.49,132,230.399993896484
808,313.27,132,230.399993896484
1233,314.49,132,230.399993896484
2560,316.65,120,172.800003051758
97,319.16,156,201.600006103516
588,321.03,144,201.600006103516
1929,323.53,120,172.800003051758
2769,323.55,120,172.800003051758
2030,325.31,120,172.800003051758
506,326.54,144,201.600006103516
2991,328.04,120,172.800003051758
980,328.48,132,230.399993896484
802,331.03,132,230.399993896484
1438,332.98,144,230.399993896484
1322,337.33,144,230.399993896484
3079,339.43,132,172.800003051758
201,342.36,132,230.399993896484
2593,344.53,120,172.800003051758
1914,345.2,120,172.800003051758
1913,345.36,120,172.800003051758
1035,349.32,132,230.399993896484
145,349.52,144,201.600006103516
1824,352.24,120,172.800003051758
1641,353.31,120,172.800003051758
698,354.94,132,230.399993896484
591,355.23,132,230.399993896484
969,355.3,144,201.600006103516
49,359.79,156,201.600006103516
2211,361.09,120,172.800003051758
2052,363.87,120,172.800003051758
2952,364.26,120,172.800003051758
1008,365.8,132,230.399993896484
1489,366.06,144,230.399993896484
875,370.45,144,201.600006103516
2002,371.29,120,172.800003051758
63,372.72,156,201.600006103516
2654,373.58,120,172.800003051758
1269,373.75,144,230.399993896484
1734,375.06,108,172.800003051758
616,376.69,144,201.600006103516
2106,379.32,120,172.800003051758
1258,382.2,144,230.399993896484
7,383.49,156,201.600006103516
1796,383.84,120,172.800003051758
119,383.86,156,201.600006103516
1330,384.69,144,230.399993896484
95,384.88,156,201.600006103516
1862,385.32,132,172.800003051758
435,386.35,132,230.399993896484
1110,388.48,132,230.399993896484
724,388.96,132,230.399993896484
2001,389.16,120,172.800003051758
1039,390.09,144,201.600006103516
3017,390.36,108,172.800003051758
2690,390.68,120,172.800003051758
312,390.99,132,230.399993896484
823,395.09,144,201.600006103516
1112,398.1,132,230.399993896484
189,398.78,156,201.600006103516
1240,400.47,144,230.399993896484
51,404.07,156,201.600006103516
250,404.44,132,230.399993896484
2948,405.74,120,172.800003051758
359,405.87,144,201.600006103516
1104,407.29,132,230.399993896484
3015,407.61,144,172.800003051758
3036,412.14,108,172.800003051758
1965,414.25,120,172.800003051758
2837,416.58,120,172.800003051758
602,417.21,132,230.399993896484
264,418.44,132,230.399993896484
1996,420.45,120,172.800003051758
1307,421.31,144,230.399993896484
1276,421.64,144,230.399993896484
3038,423.75,108,172.800003051758
62,426.71,156,201.600006103516
2906,432.21,120,172.800003051758
1041,433.25,144,201.600006103516
529,441.15,132,230.399993896484
809,442.98,132,230.399993896484
695,443.22,144,201.600006103516
101,448.44,156,201.600006103516
968,450.78,144,201.600006103516
3030,460.57,108,172.800003051758
2000,461.63,120,172.800003051758
2579,464.42,120,172.800003051758
2195,468.52,108,172.800003051758
1255,468.64,144,230.399993896484
438,468.67,132,230.399993896484
1308,469.76,144,230.399993896484
1962,470.95,120,172.800003051758
1727,471.51,108,172.800003051758
1319,482.04,144,230.399993896484
2937,483.95,120,172.800003051758
3040,484.36,108,172.800003051758
216,486.87,132,230.399993896484
600,490.57,132,230.399993896484
454,490.59,132,230.399993896484
892,494.34,120,259.200012207031
804,496.88,132,230.399993896484
30,498.08,156,201.600006103516
2984,500.64,132,172.800003051758
676,501.71,132,230.399993896484
94,504.14,156,201.600006103516
1050,509.01,144,201.600006103516
1006,510.39,132,230.399993896484
408,512.69,144,201.600006103516
175,513.11,144,172.800003051758
2876,515.45,120,172.800003051758
594,518.51,132,230.399993896484
445,518.99,132,230.399993896484
1521,521.51,144,230.399993896484
553,523.81,144,201.600006103516
3018,527.24,132,172.800003051758
17,528.73,156,201.600006103516
1081,530.26,132,230.399993896484
3001,532.35,108,172.800003051758
1839,534.25,120,172.800003051758
2230,541.61,120,172.800003051758
473,544.27,132,230.399993896484
1087,548.26,144,201.600006103516
1420,548.98,144,230.399993896484
2936,550.67,120,172.800003051758
1944,557.92,120,172.800003051758
517,559.03,132,230.399993896484
2931,576.24,120,172.800003051758
1073,583.77,144,201.600006103516
2005,583.95,120,172.800003051758
509,584.81,132,230.399993896484
930,586.82,132,230.399993896484
2957,604.1,132,201.600006103516
2965,614.42,132,201.600006103516
235,614.51,144,172.800003051758
689,615.89,132,230.399993896484
1915,619.47,120,172.800003051758
2529,628.04,120,172.800003051758
218,629.77,132,230.399993896484
1004,631.43,144,201.600006103516
71,643.83,156,201.600006103516
252,644.28,132,230.399993896484
367,646.41,144,201.600006103516
222,649.23,132,230.399993896484
773,650.93,144,201.600006103516
3074,656.46,96,201.600006103516
1650,657.67,120,172.800003051758
1808,658.89,120,172.800003051758
122,665.09,156,201.600006103516
1499,678.49,144,230.399993896484
1418,680.13,144,230.399993896484
1183,684.44,144,201.600006103516
1296,685.17,144,230.399993896484
1244,689.66,144,230.399993896484
855,689.74,144,201.600006103516
2575,692.87,132,172.800003051758
1804,696.61,132,172.800003051758
3022,697.93,108,172.800003051758
121,704.55,156,201.600006103516
2459,709.43,120,172.800003051758
907,711.23,144,201.600006103516
2945,715.49,120,172.800003051758
1096,716.31,132,230.399993896484
2205,728.42,120,172.800003051758
3023,729.66,108,172.800003051758
1282,739.46,144,230.399993896484
214,746.05,132,230.399993896484
972,748.93,132,230.399993896484
2184,750.44,132,172.800003051758
694,752.03,132,230.399993896484
1959,761.77,120,172.800003051758
1109,764.15,144,201.600006103516
2165,771.38,120,172.800003051758
595,775.58,132,230.399993896484
2962,775.61,144,172.800003051758
1061,777.7,144,201.600006103516
310,778.07,132,230.399993896484
1644,778.75,120,172.800003051758
568,788.33,132,230.399993896484
2563,795.69,120,172.800003051758
2063,800.44,120,172.800003051758
1519,801.03,132,172.800003051758
210,802.44,132,230.399993896484
319,802.67,144,172.800003051758
3071,804.41,120,172.800003051758
315,808.29,132,230.399993896484
3075,813.01,120,172.800003051758
3007,813.28,108,172.800003051758
1106,816.11,144,201.600006103516
280,816.57,132,230.399993896484
420,820,144,201.600006103516
1379,829.17,144,230.399993896484
2107,834.67,132,172.800003051758
198,836.37,132,230.399993896484
1529,839.75,132,172.800003051758
233,855.63,132,230.399993896484
1271,856.84,156,201.600006103516
1531,862.05,144,230.399993896484
3092,863.5,120,172.800003051758
2967,866.23,132,201.600006103516
1523,872.3,144,230.399993896484
282,873.02,132,230.399993896484
3083,873.56,120,172.800003051758
2629,876.64,120,172.800003051758
2680,876.81,120,172.800003051758
1899,877.69,120,172.800003051758
1771,879.76,120,172.800003051758
2577,880,120,172.800003051758
1657,883.37,120,172.800003051758
444,885.14,132,230.399993896484
413,889.4,144,201.600006103516
2292,889.71,120,172.800003051758
2294,897.3,120,172.800003051758
1324,902.8,144,230.399993896484
2033,905.62,120,172.800003051758
1426,907.31,144,230.399993896484
929,911,132,230.399993896484
1032,917.06,120,259.200012207031
141,918.99,132,230.399993896484
1554,919.74,144,201.600006103516
2161,920.29,120,172.800003051758
2961,922.8,132,201.600006103516
1564,929.59,132,201.600006103516
313,930.46,132,230.399993896484
2019,956.87,120,172.800003051758
1598,963.25,120,172.800003051758
419,994.65,144,201.600006103516
1522,1002.26,144,230.399993896484
2972,1002.67,132,201.600006103516
829,1012.61,132,230.399993896484
1860,1013.04,108,172.800003051758
1904,1023.98,120,172.800003051758
1548,1037.07,132,172.800003051758
1002,1039.61,132,230.399993896484
2996,1044.22,120,172.800003051758
2915,1051.15,144,172.800003051758
1961,1071.16,120,172.800003051758
1376,1099.73,144,230.399993896484
2193,1100.69,108,172.800003051758
1089,1101.36,144,201.600006103516
2689,1105.26,120,172.800003051758
1293,1113.36,144,230.399993896484
1776,1119.85,120,172.800003051758
2185,1142.64,120,172.800003051758
1614,1147.08,144,172.800003051758
1715,1150.51,132,172.800003051758
1903,1165.39,120,172.800003051758
476,1167.24,132,230.399993896484
2867,1170.02,120,172.800003051758
1405,1170.13,144,230.399993896484
675,1178.43,132,230.399993896484
941,1187.72,120,259.200012207031
2199,1193.1,120,172.800003051758
571,1193.29,132,230.399993896484
1254,1198.88,144,230.399993896484
1526,1200.69,144,230.399993896484
365,1206.65,144,201.600006103516
610,1246.42,132,230.399993896484
342,1254.99,144,172.800003051758
277,1255.77,132,230.399993896484
2328,1261.61,120,172.800003051758
16,1264.94,156,201.600006103516
1371,1268.84,144,230.399993896484
1024,1269.78,132,230.399993896484
1945,1278.15,120,172.800003051758
934,1289.79,132,230.399993896484
2938,1295.77,108,172.800003051758
1816,1305.77,120,172.800003051758
573,1308.37,132,230.399993896484
748,1310.09,132,230.399993896484
2554,1311.95,120,172.800003051758
1036,1318,132,230.399993896484
2950,1331.23,108,172.800003051758
2109,1332.78,132,172.800003051758
1031,1341.82,132,230.399993896484
2039,1350.96,120,172.800003051758
1274,1354.74,144,230.399993896484
621,1376.18,132,230.399993896484
1586,1381.76,120,172.800003051758
1742,1387.62,108,172.800003051758
3029,1406.48,120,201.600006103516
1427,1411.58,144,230.399993896484
1724,1423.97,120,172.800003051758
2056,1426.28,120,172.800003051758
2924,1427.96,144,172.800003051758
1613,1430.67,120,172.800003051758
275,1434.81,132,230.399993896484
286,1435.94,132,230.399993896484
364,1439.45,144,201.600006103516
2071,1440.17,120,172.800003051758
2096,1441.72,120,172.800003051758
1854,1453.37,120,172.800003051758
1318,1454.52,144,230.399993896484
1795,1459.14,120,172.800003051758
418,1485.19,132,230.399993896484
1884,1511.06,120,172.800003051758
2140,1522.47,132,172.800003051758
1647,1542,132,201.600006103516
412,1545.96,132,230.399993896484
8,1553.23,156,201.600006103516
2282,1558.45,120,172.800003051758
2178,1561.41,120,172.800003051758
1275,1565.68,144,230.399993896484
202,1578.04,132,230.399993896484
1552,1586.85,132,172.800003051758
2038,1590.77,120,172.800003051758
3084,1591.08,120,172.800003051758
1097,1596.82,144,201.600006103516
1726,1605.53,108,172.800003051758
2167,1606.57,120,172.800003051758
659,1611.13,132,230.399993896484
1743,1617.44,108,172.800003051758
115,1622.44,156,201.600006103516
1260,1623.8,144,230.399993896484
273,1624.76,132,230.399993896484
2980,1629.54,144,172.800003051758
67,1647.45,156,201.600006103516
2197,1651.81,132,172.800003051758
2158,1662.36,120,172.800003051758
1973,1686.37,120,172.800003051758
2993,1690.5,120,172.800003051758
2958,1715.21,132,201.600006103516
124,1717.96,156,201.600006103516
995,1719.24,132,230.399993896484
128,1720.44,156,201.600006103516
358,1725.64,144,201.600006103516
2373,1730.88,120,172.800003051758
2901,1748.24,120,172.800003051758
2066,1753.05,120,172.800003051758
129,1798.42,156,201.600006103516
486,1815.27,132,230.399993896484
891,1826.25,120,259.200012207031
2693,1856.94,120,172.800003051758
2247,1857.78,120,172.800003051758
302,1866.75,144,201.600006103516
432,1867.94,132,230.399993896484
2910,1877.6,120,172.800003051758
1572,1889.05,132,172.800003051758
1876,1908.39,120,172.800003051758
489,1915.3,120,201.600006103516
862,1936.95,132,230.399993896484
2152,1944.23,120,172.800003051758
1762,1951.8,108,172.800003051758
1011,1977.56,132,230.399993896484
1023,1978.59,132,230.399993896484
723,2008.36,132,230.399993896484
2960,2019.21,120,172.800003051758
2691,2027.35,120,172.800003051758
1543,2034.59,132,172.800003051758
1400,2060.3,144,230.399993896484
1448,2088.56,144,230.399993896484
512,2106.96,132,230.399993896484
1480,2109.85,144,230.399993896484
598,2114.63,144,201.600006103516
2811,2119.48,120,172.800003051758
710,2140.98,144,172.800003051758
1496,2144.18,144,230.399993896484
1960,2188.33,120,172.800003051758
3008,2200.85,144,172.800003051758
1873,2213.52,120,172.800003051758
2955,2252.72,144,172.800003051758
691,2272.53,132,230.399993896484
142,2276.38,132,230.399993896484
3014,2276.65,108,172.800003051758
2978,2290.86,120,172.800003051758
1267,2291.42,156,201.600006103516
1846,2294.12,120,172.800003051758
820,2302.7,132,230.399993896484
949,2313.82,144,201.600006103516
2988,2313.82,120,172.800003051758
960,2330.85,132,230.399993896484
472,2351.24,120,259.200012207031
3082,2355.45,120,172.800003051758
2956,2361.93,132,201.600006103516
1062,2390.17,132,230.399993896484
500,2417.04,156,201.600006103516
1249,2426.41,144,230.399993896484
22,2431.93,156,201.600006103516
334,2458.22,132,230.399993896484
478,2460.86,156,201.600006103516
1725,2467.16,108,172.800003051758
1745,2510.64,120,172.800003051758
560,2511.46,132,230.399993896484
522,2565.06,132,230.399993896484
447,2591.48,132,230.399993896484
2156,2600.94,120,172.800003051758
1704,2601.59,120,172.800003051758
1535,2610.51,144,201.600006103516
2188,2627.75,132,172.800003051758
1030,2634.07,132,230.399993896484
1757,2639.53,108,172.800003051758
1878,2688.12,120,172.800003051758
136,2721.24,144,201.600006103516
2987,2764.7,120,172.800003051758
836,2771.25,132,230.399993896484
1490,2827.86,144,230.399993896484
211,2833.26,132,230.399993896484
2145,2856.58,120,172.800003051758
3004,2867.75,108,172.800003051758
1262,2874.29,156,201.600006103516
1487,2875.32,144,230.399993896484
2930,2930.72,120,172.800003051758
1540,2988.07,156,201.600006103516
2099,3035.33,120,172.800003051758
2004,3041.6,120,172.800003051758
370,3062.46,144,201.600006103516
441,3071.65,132,230.399993896484
2083,3083.63,120,172.800003051758
1766,3105.82,108,172.800003051758
1723,3145.62,108,172.800003051758
309,3148.62,132,230.399993896484
964,3193.06,144,201.600006103516
1744,3193.45,108,172.800003051758
1759,3194.53,108,172.800003051758
903,3203.09,132,230.399993896484
470,3221.73,132,230.399993896484
3065,3222.98,120,172.800003051758
2115,3245.54,120,172.800003051758
1013,3246.14,120,201.600006103516
1550,3306.89,132,172.800003051758
611,3328.4,144,201.600006103516
805,3345.51,132,230.399993896484
2531,3355.65,120,172.800003051758
118,3402.54,156,201.600006103516
1672,3501.94,132,172.800003051758
1350,3520.86,144,230.399993896484
1375,3552.77,144,230.399993896484
1442,3554.28,144,230.399993896484
3077,3563.12,132,172.800003051758
2181,3579.26,132,172.800003051758
3021,3633.16,132,172.800003051758
1539,3764.3,144,230.399993896484
3055,3810,120,172.800003051758
1645,3851.55,120,172.800003051758
3060,3882.58,132,172.800003051758
1563,3907.92,132,201.600006103516
2016,3913.15,120,172.800003051758
2556,3917.42,120,172.800003051758
1537,3932.16,144,230.399993896484
1889,3964.06,120,172.800003051758
2973,3967.47,132,201.600006103516
1918,3976.04,120,172.800003051758
2816,3985.4,120,172.800003051758
2925,4029.04,144,172.800003051758
1709,4120.97,120,172.800003051758
1555,4134.04,132,201.600006103516
2970,4204.64,144,172.800003051758
3011,4229.67,144,172.800003051758
1533,4234.39,144,230.399993896484
1858,4247.92,132,172.800003051758
1765,4258.46,120,172.800003051758
183,4261.51,132,230.399993896484
297,4273.39,168,201.600006103516
1546,4299.8,144,201.600006103516
940,4354.83,120,259.200012207031
269,4357.69,132,230.399993896484
1756,4372.79,108,172.800003051758
1711,4428.88,120,172.800003051758
139,4430.41,144,201.600006103516
1778,4489.55,120,172.800003051758
1225,4495.85,144,201.600006103516
237,4512.57,132,230.399993896484
131,4518.41,144,201.600006103516
1578,4530.14,144,172.800003051758
1737,4548.67,108,172.800003051758
2615,4615.81,120,172.800003051758
160,4636.78,144,201.600006103516
387,4645.48,132,230.399993896484
1682,4675.41,108,172.800003051758
1257,4677.18,144,230.399993896484
2112,4684.51,132,172.800003051758
3019,4697.65,108,172.800003051758
1402,4707.13,132,172.800003051758
1955,4708.08,120,172.800003051758
2102,4719.24,132,172.800003051758
3053,4786.11,108,172.800003051758
1579,4840.09,132,172.800003051758
1414,4845.64,144,230.399993896484
147,4894.89,144,172.800003051758
2079,4923.4,120,172.800003051758
245,4932.27,132,230.399993896484
206,4958.12,132,230.399993896484
2072,4959.63,120,172.800003051758
1108,4993.81,144,201.600006103516
3013,4995.24,144,172.800003051758
2113,4996.96,120,172.800003051758
2074,5015.28,120,172.800003051758
453,5026.62,156,201.600006103516
1571,5047.33,144,172.800003051758
3000,5078.56,108,172.800003051758
3086,5081.14,120,172.800003051758
1844,5134.57,120,172.800003051758
1583,5194.81,120,172.800003051758
355,5319.37,132,230.399993896484
1720,5337.37,108,172.800003051758
2452,5398.02,120,172.800003051758
263,5409.8,132,230.399993896484
1898,5411.07,120,172.800003051758
1121,5477.35,132,230.399993896484
1758,5532.43,108,172.800003051758
971,5542.63,144,172.800003051758
1021,5574.51,132,230.399993896484
3027,5615.42,120,172.800003051758
1697,5659.95,120,172.800003051758
2087,5682.6,132,172.800003051758
209,5717.3,132,230.399993896484
1067,5750.09,132,230.399993896484
2036,5765.14,120,172.800003051758
1246,5787.99,132,172.800003051758
98,5812.45,156,201.600006103516
3061,5859.74,120,172.800003051758
3072,5863.43,120,172.800003051758
3050,5890.13,120,172.800003051758
2098,5911.81,120,172.800003051758
2163,5925.72,108,172.800003051758
2190,5989.55,120,172.800003051758
1872,6013.03,120,172.800003051758
1325,6053.06,144,230.399993896484
2091,6116.55,120,172.800003051758
1557,6146.43,144,201.600006103516
2187,6165.32,120,172.800003051758
2149,6338.48,120,172.800003051758
1536,6424.44,144,230.399993896484
524,6448.28,132,230.399993896484
1253,6557.69,144,230.399993896484
2089,6582.69,120,172.800003051758
1871,6583.82,120,172.800003051758
932,6586.84,120,259.200012207031
2912,6645.04,108,172.800003051758
1664,6659.54,120,172.800003051758
35,6666.15,156,201.600006103516
2196,6705.93,120,172.800003051758
1740,6731.8,108,172.800003051758
467,6751.47,156,201.600006103516
2128,6797.05,132,172.800003051758
3088,6832.57,96,201.600006103516
3057,6848.31,120,172.800003051758
2899,6866.51,120,172.800003051758
1722,6918.88,108,172.800003051758
1731,6965.38,108,172.800003051758
1655,7015.94,120,201.600006103516
3093,7123.43,120,172.800003051758
1431,7175.93,144,230.399993896484
2024,7247.01,120,172.800003051758
1825,7251.23,132,172.800003051758
3054,7294.14,120,172.800003051758
1781,7431.6,132,172.800003051758
3080,7445.46,132,172.800003051758
1668,7591.71,132,172.800003051758
2933,7708.49,120,172.800003051758
0,7739.33,168,230.399993896484
1822,7744.34,120,172.800003051758
1712,7757.19,120,172.800003051758
357,7864.01,144,201.600006103516
2166,7878.17,132,172.800003051758
2108,8094.6,132,172.800003051758
1696,8151.5,120,172.800003051758
2983,8159.81,132,172.800003051758
1866,8238.89,120,172.800003051758
276,8428,132,230.399993896484
1689,8557.24,108,172.800003051758
1999,8663.61,120,172.800003051758
243,8693.1,132,230.399993896484
3052,8697.01,120,172.800003051758
1732,8707.76,132,172.800003051758
2153,8742.36,120,172.800003051758
2137,8774.8,132,172.800003051758
1881,8818.47,120,172.800003051758
1378,8851.74,144,230.399993896484
1869,8874.9,120,172.800003051758
2953,9047.51,108,172.800003051758
1739,9061.55,108,172.800003051758
931,9084.88,132,230.399993896484
2138,9101,120,172.800003051758
2946,9173.11,120,172.800003051758
2992,9370.55,120,172.800003051758
1441,9563.13,144,230.399993896484
361,9664.3,144,201.600006103516
1059,9680.17,132,230.399993896484
2183,9695.15,132,172.800003051758
3025,9770.49,120,172.800003051758
2928,9796.07,120,172.800003051758
2913,9805.67,132,172.800003051758
3059,9807.41,120,172.800003051758
1392,9913.98,144,230.399993896484
2100,10051.86,120,172.800003051758
274,10132.78,120,259.200012207031
2068,10173.94,120,172.800003051758
2097,10297.12,132,172.800003051758
1565,10325.05,120,201.600006103516
1589,10500.02,120,172.800003051758
3005,10504.76,108,172.800003051758
2949,10632.46,132,201.600006103516
1891,10669.06,120,172.800003051758
1867,10726.7,120,172.800003051758
521,10776.5,132,230.399993896484
831,10840.45,132,230.399993896484
1728,10859.9,108,172.800003051758
221,10935.32,132,230.399993896484
3009,10992.08,108,172.800003051758
3031,11253.91,120,201.600006103516
3048,11323.99,120,172.800003051758
149,11411.18,132,230.399993896484
1383,11535.99,144,230.399993896484
2975,11548.82,120,172.800003051758
3033,11626.68,120,172.800003051758
3073,11704.84,120,172.800003051758
1538,11764.99,144,201.600006103516
271,11826.31,144,201.600006103516
2985,11933.29,132,201.600006103516
2982,12082.58,144,172.800003051758
1940,12363.39,132,172.800003051758
1627,12663.49,132,172.800003051758
1567,12704.79,132,201.600006103516
1684,12715.43,132,172.800003051758
3070,12761.08,120,172.800003051758
2997,12776.2,120,172.800003051758
1670,12839.79,132,172.800003051758
2082,12899.08,132,172.800003051758
2081,12939.01,132,172.800003051758
3081,13095.97,132,172.800003051758
1353,13125.62,144,230.399993896484
1864,13240.41,108,172.800003051758
2094,13357.86,132,172.800003051758
2143,13861.58,120,172.800003051758
4,13978.46,168,230.399993896484
1699,14335.56,120,172.800003051758
2935,14342.19,120,172.800003051758
3006,14639.42,144,172.800003051758
3068,14670.38,120,172.800003051758
1558,14837.15,132,201.600006103516
1669,15006.6,132,172.800003051758
3085,15104.77,120,172.800003051758
2110,15467.68,120,172.800003051758
1774,15953.67,120,172.800003051758
446,16124.17,132,230.399993896484
2078,16292.06,120,172.800003051758
47,16476.9,156,201.600006103516
2177,16775.87,120,172.800003051758
2064,16816.46,120,172.800003051758
1688,16821.94,108,172.800003051758
1716,16901.59,120,172.800003051758
2998,17083.38,132,172.800003051758
1667,17365.88,132,172.800003051758
3067,17684.24,108,172.800003051758
1527,17844.43,156,201.600006103516
2192,18130.83,108,172.800003051758
1750,18234.29,108,172.800003051758
1701,18236.67,120,172.800003051758
1525,18623.97,156,201.600006103516
1721,19185.14,120,172.800003051758
2929,19221.71,120,172.800003051758
2077,19379.69,120,172.800003051758
1680,19474.5,132,172.800003051758
1238,20194.85,144,230.399993896484
2129,20485.82,132,172.800003051758
1998,20505.56,120,172.800003051758
516,21225.15,132,230.399993896484
674,21908.34,132,230.399993896484
2080,22201.5,132,172.800003051758
2103,22434.71,132,172.800003051758
3089,22576.1,120,172.800003051758
2934,22661.63,120,172.800003051758
1760,23236.79,120,172.800003051758
2175,23683.04,132,172.800003051758
1997,24333.67,120,172.800003051758
1823,24499.47,120,172.800003051758
2995,24510.03,120,172.800003051758
1753,24603.14,108,172.800003051758
1790,25278.69,120,172.800003051758
2927,25889.81,96,172.800003051758
1327,25948.55,144,230.399993896484
1769,26285.09,108,172.800003051758
2051,28519.85,120,172.800003051758
1693,29136.38,108,172.800003051758
134,29988.99,156,201.600006103516
1736,30303.67,108,172.800003051758
3087,30377.04,96,201.600006103516
2977,30641.75,120,172.800003051758
2093,31087.95,132,172.800003051758
2989,32831.9,132,172.800003051758
3069,33087.2,120,172.800003051758
3091,33502.43,120,172.800003051758
1754,34046.31,108,172.800003051758
2182,35401.24,132,172.800003051758
1761,35488.24,108,172.800003051758
2,35785.21,168,230.399993896484
1681,35929.41,120,172.800003051758
2176,38832.12,120,172.800003051758
228,39708.21,132,230.399993896484
2142,39889.52,120,172.800003051758
1542,40742.88,156,201.600006103516
1714,43550,108,172.800003051758
1686,44865.77,132,172.800003051758
3032,45571.7,120,201.600006103516
1768,46496.83,132,172.800003051758
311,49854.73,132,230.399993896484
1685,50127.44,132,172.800003051758
2059,50275.3,120,172.800003051758
457,51121.28,156,201.600006103516
2207,51186.5,132,172.800003051758
2053,53724.24,120,172.800003051758
3062,58752.29,120,172.800003051758
1718,58905.34,120,172.800003051758
2966,67433.3,132,201.600006103516
3078,67658.12,108,201.600006103516
3076,72097.78,120,172.800003051758
2171,73524.51,120,172.800003051758
1752,73644.17,108,172.800003051758
2076,90908.5,120,172.800003051758
2127,94589.48,132,172.800003051758
1767,94783.89,132,172.800003051758
1818,98961.33,132,172.800003051758
133,100241.97,144,201.600006103516
1735,119301.79,120,172.800003051758
1691,143422.13,108,172.800003051758
